"date","expressword","expresssale","gapword","gapsale","jcrewword","jcrewsale","loftword","loftsale","ny_snow","ny_mean_temp","ny_max_temp","ny_min_temp","la_snow","la_mean_temp","la_max_temp","la_min_temp","chi_snow","chi_mean_temp","chi_max_temp","chi_min_temp","hou_snow","hou_mean_temp","hou_max_temp","hou_min_temp","unemployment","expr_open","expr_high","expr_low","expr_close","expr_volume","expr_adj_close","gap_open","gap_high","gap_low","gap_close","gap_volume","gap_adj_close","loft_open","loft_high","loft_low","loft_close","loft_volume","loft_adj_close"
2016-04-25,"off",1,"sale",1,NA,NA,NA,NA,NA,NA,NA,NA,NA,NA,NA,NA,NA,NA,NA,NA,NA,NA,NA,NA,NA,19.129999,19.200001,18.08,18.309999,3887100,18.309999,23.82,23.91,23.27,23.41,3482800,23.41,9.67,9.79,9.09,9.17,2421600,9.17
2016-04-13,"off",1,NA,NA,NA,NA,"off",1,0,49,58,40,0,65,73,57,0,47,57,37,0,67,72,62,NA,19.75,20.18,19.610001,20.129999,1311000,20.129999,23.74,24.059999,23.68,23.93,4806200,23.93,9.41,9.61,9.31,9.53,2126800,9.53
2016-04-13,"off",1,NA,NA,NA,NA,"sale",1,0,49,58,40,0,65,73,57,0,47,57,37,0,67,72,62,NA,19.75,20.18,19.610001,20.129999,1311000,20.129999,23.74,24.059999,23.68,23.93,4806200,23.93,9.41,9.61,9.31,9.53,2126800,9.53
2016-04-02,"off",1,NA,NA,NA,NA,NA,NA,0,55,61,49,0,65,76,54,1,36,42,29,0,59,72,46,NA,NA,NA,NA,NA,NA,NA,NA,NA,NA,NA,NA,NA,NA,NA,NA,NA,NA,NA
2016-04-02,"off",1,NA,NA,NA,NA,NA,NA,0,55,61,49,0,65,76,54,1,36,42,29,0,59,72,46,NA,NA,NA,NA,NA,NA,NA,NA,NA,NA,NA,NA,NA,NA,NA,NA,NA,NA,NA
2016-03-31,"off",1,NA,NA,NA,NA,NA,NA,0,61,73,49,0,61,72,50,0,58,70,45,0,75,85,65,5,21.129999,21.57,21.07,21.41,1940900,21.41,29.780001,30,29.33,29.4,5400700,29.170468,10.7,11.26,10.64,11.06,4099600,11.06
2016-03-31,"off",1,NA,NA,NA,NA,NA,NA,0,61,73,49,0,61,72,50,0,58,70,45,0,75,85,65,5,21.129999,21.57,21.07,21.41,1940900,21.41,29.780001,30,29.33,29.4,5400700,29.170468,10.7,11.26,10.64,11.06,4099600,11.06
2016-03-30,"off",1,NA,NA,NA,NA,"off",1,0,42,55,30,0,59,66,52,0,54,62,46,0,72,75,68,5,21.200001,21.5,20.969999,21.15,1422700,21.15,29.709999,29.91,29.469999,29.66,4846900,29.428438,10.77,11.02,10.57,10.73,3146400,10.73
2016-03-30,"off",1,NA,NA,NA,NA,"off",1,0,42,55,30,0,59,66,52,0,54,62,46,0,72,75,68,5,21.200001,21.5,20.969999,21.15,1422700,21.15,29.709999,29.91,29.469999,29.66,4846900,29.428438,10.77,11.02,10.57,10.73,3146400,10.73
2016-03-30,"off",1,NA,NA,NA,NA,"off",1,0,42,55,30,0,59,66,52,0,54,62,46,0,72,75,68,5,21.200001,21.5,20.969999,21.15,1422700,21.15,29.709999,29.91,29.469999,29.66,4846900,29.428438,10.77,11.02,10.57,10.73,3146400,10.73
2016-03-09,"off",1,NA,NA,NA,NA,NA,NA,0,60,78,41,0,64,74,53,0,59,65,53,0,67,73,61,5,20.26,20.440001,19.33,19.66,8793000,19.66,29.889999,30.09,29.49,29.700001,4250300,29.468127,10.03,10.38,9.96,10.2,3479700,10.2
2016-03-07,"off",1,"off",1,NA,NA,NA,NA,0,46,61,32,0,54,61,47,0,55,62,47,0,69,75,62,5,18.57,19.02,18.389999,18.6,2400500,18.6,28.98,30.17,28.950001,29.440001,7224400,29.210157,9.62,10.07,9.1,9.82,5065700,9.82
2016-03-06,"off",1,NA,NA,NA,NA,NA,NA,0,38,44,32,0,61,67,54,0,44,53,35,0,61,75,47,5,NA,NA,NA,NA,NA,NA,NA,NA,NA,NA,NA,NA,NA,NA,NA,NA,NA,NA
2016-03-04,"off",1,"off",1,NA,NA,"off",1,1,35,39,30,0,64,70,57,1,31,39,23,0,61,74,48,5,17.809999,18.639999,17.73,18.5,2601800,18.5,28.59,29.940001,28.549999,29.290001,8510900,29.061328,9.73,10.15,9.59,9.65,4379900,9.65
2016-02-28,"off",1,NA,NA,NA,NA,NA,NA,0,49,60,38,0,60,68,53,0,51,64,38,0,59,74,44,4.9,NA,NA,NA,NA,NA,NA,NA,NA,NA,NA,NA,NA,NA,NA,NA,NA,NA,NA
2016-02-26,"off",1,NA,NA,NA,NA,NA,NA,0,33,39,27,0,67,79,54,1,32,35,28,0,51,63,39,4.9,17.299999,17.299999,16.940001,17.16,1095400,17.16,27.1,27.940001,26.200001,27.23,9843500,27.01741,8.32,8.37,8.06,8.3,2978100,8.3
2016-02-09,"off",1,NA,NA,NA,NA,NA,NA,0,32,36,27,0,73,89,56,1,19,23,15,0,53,66,39,4.9,16.120001,16.530001,16.09,16.27,1447700,16.27,23.870001,24.76,23.07,23.27,8994100,23.088327,6.58,6.9,6.46,6.62,3860800,6.62
2016-02-07,"off",1,NA,NA,NA,NA,NA,NA,0,40,47,33,0,68,84,51,0,40,46,34,0,50,66,34,4.9,NA,NA,NA,NA,NA,NA,NA,NA,NA,NA,NA,NA,NA,NA,NA,NA,NA,NA
2016-02-05,"off",1,NA,NA,NA,NA,NA,NA,1,38,44,31,0,61,76,46,1,31,34,27,0,46,59,33,4.9,16.49,16.530001,15.77,15.8,2240600,15.8,23.82,24.030001,23.129999,23.77,6167100,23.584423,7.22,7.38,6.8,6.9,4203300,6.9
2016-02-05,"off",1,NA,NA,NA,NA,NA,NA,1,38,44,31,0,61,76,46,1,31,34,27,0,46,59,33,4.9,16.49,16.530001,15.77,15.8,2240600,15.8,23.82,24.030001,23.129999,23.77,6167100,23.584423,7.22,7.38,6.8,6.9,4203300,6.9
2016-01-25,"off",1,NA,NA,NA,NA,NA,NA,0,34,39,28,0,61,71,50,0,36,43,29,0,64,74,53,4.9,16.860001,17.040001,16.42,16.5,1306000,16.5,23.77,24.09,22.940001,23.059999,6190700,22.879966,7.58,7.64,7.28,7.32,3786400,7.32
2016-01-23,"off",1,NA,NA,NA,NA,NA,NA,1,26,27,24,0,59,64,54,1,30,35,24,0,44,55,33,4.9,NA,NA,NA,NA,NA,NA,NA,NA,NA,NA,NA,NA,NA,NA,NA,NA,NA,NA
2016-01-18,"off",1,"off",1,NA,NA,"sale",1,1,25,31,18,0,59,63,55,0,4,10,-2,0,49,61,36,4.9,NA,NA,NA,NA,NA,NA,NA,NA,NA,NA,NA,NA,NA,NA,NA,NA,NA,NA
2016-01-18,"off",1,"off",1,NA,NA,"off",1,1,25,31,18,0,59,63,55,0,4,10,-2,0,49,61,36,4.9,NA,NA,NA,NA,NA,NA,NA,NA,NA,NA,NA,NA,NA,NA,NA,NA,NA,NA
2016-01-18,"off",1,"off",1,NA,NA,"off",1,1,25,31,18,0,59,63,55,0,4,10,-2,0,49,61,36,4.9,NA,NA,NA,NA,NA,NA,NA,NA,NA,NA,NA,NA,NA,NA,NA,NA,NA,NA
2016-01-18,"off",1,"off",1,NA,NA,"sale",1,1,25,31,18,0,59,63,55,0,4,10,-2,0,49,61,36,4.9,NA,NA,NA,NA,NA,NA,NA,NA,NA,NA,NA,NA,NA,NA,NA,NA,NA,NA
2016-01-14,"off",1,NA,NA,NA,NA,NA,NA,0,30,38,22,0,58,65,50,0,37,45,28,0,55,65,44,4.9,15.93,16.65,15.82,16.360001,2688500,16.360001,22.459999,23.629999,22.26,23.219999,7369200,23.038716,8.46,8.46,8.1,8.2,5868500,8.2
2016-01-10,"off",1,NA,NA,NA,NA,NA,NA,0,50,59,40,0,57,62,51,1,16,27,4,0,45,52,37,4.9,NA,NA,NA,NA,NA,NA,NA,NA,NA,NA,NA,NA,NA,NA,NA,NA,NA,NA
2016-01-08,"off",1,NA,NA,NA,NA,NA,NA,0,39,46,31,0,53,62,44,0,39,42,36,0,59,68,50,4.9,17.450001,17.629999,16.09,16.120001,3633600,16.120001,25.040001,25.290001,22.629999,22.91,17615700,22.731137,10.91,10.97,10.43,10.49,6396500,10.49
2015-12-24,"off",1,NA,NA,NA,NA,NA,NA,0,68,72,63,0,55,62,47,0,40,44,36,0,68,79,56,5,17.719999,17.85,17.299999,17.4,449100,17.4,25.67,25.74,25.299999,25.360001,1417500,24.927709,10.32,10.42,10.03,10.13,816400,10.13
2015-12-24,"off",1,NA,NA,NA,NA,NA,NA,0,68,72,63,0,55,62,47,0,40,44,36,0,68,79,56,5,17.719999,17.85,17.299999,17.4,449100,17.4,25.67,25.74,25.299999,25.360001,1417500,24.927709,10.32,10.42,10.03,10.13,816400,10.13
2015-12-22,"off",1,NA,NA,NA,NA,NA,NA,0,58,62,53,0,58,62,54,0,41,44,37,0,64,72,55,5,17.389999,17.85,17.209999,17.77,1271000,17.77,24.889999,25.809999,24.780001,25.58,5418000,25.143958,9.75,10.29,9.68,10.17,3490400,10.17
2015-12-22,"off",1,NA,NA,NA,NA,NA,NA,0,58,62,53,0,58,62,54,0,41,44,37,0,64,72,55,5,17.389999,17.85,17.209999,17.77,1271000,17.77,24.889999,25.809999,24.780001,25.58,5418000,25.143958,9.75,10.29,9.68,10.17,3490400,10.17
2015-12-21,"off",1,NA,NA,NA,NA,NA,NA,0,48,56,39,0,53,62,44,0,49,54,43,0,68,74,61,5,17.530001,17.6,17.17,17.33,1238800,17.33,25.059999,25.290001,24.59,24.77,5128200,24.347766,10.02,10.24,9.63,9.72,2814500,9.72
2015-12-20,"off",1,NA,NA,NA,NA,NA,NA,0,39,43,34,0,53,61,44,0,40,51,28,0,58,69,46,5,NA,NA,NA,NA,NA,NA,NA,NA,NA,NA,NA,NA,NA,NA,NA,NA,NA,NA
2015-12-19,"off",1,NA,NA,NA,NA,NA,NA,0,38,40,35,0,55,65,45,0,25,32,17,0,51,63,38,5,NA,NA,NA,NA,NA,NA,NA,NA,NA,NA,NA,NA,NA,NA,NA,NA,NA,NA
2015-12-15,"off",1,"off",1,NA,NA,"off",1,0,61,68,53,0,52,61,42,0,43,44,41,0,63,77,48,5,17.309999,17.67,17.25,17.370001,1535800,17.370001,25.969999,26.290001,25.709999,25.76,4646900,25.32089,10,10.07,9.68,9.72,3396700,9.72
2015-12-13,"off",1,NA,NA,NA,NA,NA,NA,0,61,67,55,0,57,66,47,0,59,64,54,0,62,74,49,5,NA,NA,NA,NA,NA,NA,NA,NA,NA,NA,NA,NA,NA,NA,NA,NA,NA,NA
2015-12-11,"off",1,NA,NA,NA,NA,"off",1,0,56,61,50,0,59,65,52,0,50,55,44,0,76,81,71,5,17.190001,17.379999,17,17.129999,1673100,17.129999,26.139999,26.24,25.9,26.059999,4982500,25.615775,10,10.13,9.91,9.93,3685800,9.93
2015-12-01,"off",1,NA,NA,NA,NA,"off",1,0,48,51,44,0,60,72,47,0,42,45,39,0,54,57,50,5,16.85,17.120001,16.76,16.969999,2308400,16.969999,26.73,27,26.43,26.68,5104700,26.225207,11.48,11.96,11.15,11.78,4443300,11.78
2015-12-01,"off",1,NA,NA,NA,NA,"sale",1,0,48,51,44,0,60,72,47,0,42,45,39,0,54,57,50,5,16.85,17.120001,16.76,16.969999,2308400,16.969999,26.73,27,26.43,26.68,5104700,26.225207,11.48,11.96,11.15,11.78,4443300,11.78
2015-12-01,"off",1,NA,NA,NA,NA,"off",1,0,48,51,44,0,60,72,47,0,42,45,39,0,54,57,50,5,16.85,17.120001,16.76,16.969999,2308400,16.969999,26.73,27,26.43,26.68,5104700,26.225207,11.48,11.96,11.15,11.78,4443300,11.78
2015-12-01,"off",1,NA,NA,NA,NA,"sale",1,0,48,51,44,0,60,72,47,0,42,45,39,0,54,57,50,5,16.85,17.120001,16.76,16.969999,2308400,16.969999,26.73,27,26.43,26.68,5104700,26.225207,11.48,11.96,11.15,11.78,4443300,11.78
2015-11-30,"off",1,NA,NA,NA,NA,NA,NA,0,38,45,32,0,56,66,46,0,43,46,39,0,56,61,51,5,17.790001,17.879999,16.620001,16.74,3001300,16.74,27.4,27.52,26.5,26.73,6375600,26.274354,11.79,11.86,11.15,11.33,4761100,11.33
2015-11-29,"off",1,"off",1,NA,NA,NA,NA,0,42,48,37,0,59,67,50,0,37,43,30,0,50,52,47,5,NA,NA,NA,NA,NA,NA,NA,NA,NA,NA,NA,NA,NA,NA,NA,NA,NA,NA
2015-11-29,"off",1,"off",1,NA,NA,NA,NA,0,42,48,37,0,59,67,50,0,37,43,30,0,50,52,47,5,NA,NA,NA,NA,NA,NA,NA,NA,NA,NA,NA,NA,NA,NA,NA,NA,NA,NA
2015-11-28,"off",1,NA,NA,NA,NA,NA,NA,0,53,63,43,0,55,64,46,0,38,40,36,0,58,68,47,5,NA,NA,NA,NA,NA,NA,NA,NA,NA,NA,NA,NA,NA,NA,NA,NA,NA,NA
2015-11-28,"sale",1,NA,NA,NA,NA,NA,NA,0,53,63,43,0,55,64,46,0,38,40,36,0,58,68,47,5,NA,NA,NA,NA,NA,NA,NA,NA,NA,NA,NA,NA,NA,NA,NA,NA,NA,NA
2015-11-28,"off",1,NA,NA,NA,NA,NA,NA,0,53,63,43,0,55,64,46,0,38,40,36,0,58,68,47,5,NA,NA,NA,NA,NA,NA,NA,NA,NA,NA,NA,NA,NA,NA,NA,NA,NA,NA
2015-11-28,"off",1,NA,NA,NA,NA,NA,NA,0,53,63,43,0,55,64,46,0,38,40,36,0,58,68,47,5,NA,NA,NA,NA,NA,NA,NA,NA,NA,NA,NA,NA,NA,NA,NA,NA,NA,NA
2015-11-26,"off",1,NA,NA,NA,NA,NA,NA,0,51,60,41,0,56,64,48,0,56,62,50,0,72,77,66,5,NA,NA,NA,NA,NA,NA,NA,NA,NA,NA,NA,NA,NA,NA,NA,NA,NA,NA
2015-11-25,"off",1,"off",1,NA,NA,NA,NA,0,43,50,36,0,57,63,50,0,46,53,39,0,65,76,54,5,17.98,18.18,17.67,18.139999,1666000,18.139999,27.870001,28.35,27.51,28.049999,4846400,27.571853,11.78,11.82,11.48,11.8,2642100,11.8
2015-11-25,"sale",1,"off",1,NA,NA,NA,NA,0,43,50,36,0,57,63,50,0,46,53,39,0,65,76,54,5,17.98,18.18,17.67,18.139999,1666000,18.139999,27.870001,28.35,27.51,28.049999,4846400,27.571853,11.78,11.82,11.48,11.8,2642100,11.8
2015-11-25,"off",1,"off",1,NA,NA,NA,NA,0,43,50,36,0,57,63,50,0,46,53,39,0,65,76,54,5,17.98,18.18,17.67,18.139999,1666000,18.139999,27.870001,28.35,27.51,28.049999,4846400,27.571853,11.78,11.82,11.48,11.8,2642100,11.8
2015-11-22,"off",1,NA,NA,NA,NA,NA,NA,0,49,55,42,0,72,85,59,0,21,29,13,0,46,56,36,5,NA,NA,NA,NA,NA,NA,NA,NA,NA,NA,NA,NA,NA,NA,NA,NA,NA,NA
2015-11-20,"off",1,NA,NA,NA,NA,NA,NA,0,55,64,46,0,70,85,55,1,38,43,33,0,62,73,50,5,16.99,17.870001,16.719999,17.23,3909500,17.23,25.9,27.01,25.879999,26.98,11788000,26.520093,10.58,10.92,10.42,10.78,2583900,10.78
2015-11-18,"off",1,NA,NA,NA,NA,NA,NA,0,52,58,46,0,62,76,48,0,57,63,50,0,61,72,49,5,16.9,17.459999,16.67,17.41,1631800,17.41,25,25.459999,24.959999,25.389999,6254900,24.957196,10.21,10.55,10.01,10.5,2684800,10.5
2015-11-11,"off",1,NA,NA,NA,NA,"off",1,0,54,58,49,0,60,72,48,0,54,64,43,0,75,84,65,5,18.85,18.940001,18,18.040001,1542500,18.040001,27.16,27.27,25.879999,26.629999,7550700,26.176059,12.42,12.82,11.24,11.41,5175100,11.41
2015-11-11,"off",1,NA,NA,NA,NA,"sale",1,0,54,58,49,0,60,72,48,0,54,64,43,0,75,84,65,5,18.85,18.940001,18,18.040001,1542500,18.040001,27.16,27.27,25.879999,26.629999,7550700,26.176059,12.42,12.82,11.24,11.41,5175100,11.41
2015-11-10,"off",1,NA,NA,NA,NA,"sale",1,0,54,57,51,0,59,68,50,0,48,58,38,0,65,75,55,5,18.65,19.389999,18.610001,18.879999,1810800,18.879999,26.18,27.379999,26,27.290001,10570700,26.82481,12.16,12.51,12.02,12.44,3154700,12.44
2015-11-10,"off",1,NA,NA,NA,NA,"off",1,0,54,57,51,0,59,68,50,0,48,58,38,0,65,75,55,5,18.65,19.389999,18.610001,18.879999,1810800,18.879999,26.18,27.379999,26,27.290001,10570700,26.82481,12.16,12.51,12.02,12.44,3154700,12.44
2015-10-29,"off",1,"off",1,NA,NA,NA,NA,0,65,73,57,0,76,83,68,0,43,48,38,0,67,80,53,5,19.43,19.6,19,19.32,1615500,19.32,26.700001,27.17,26.48,26.700001,4668900,26.244867,13.4,13.62,13.09,13.41,3444800,13.41
2015-10-03,"off",1,NA,NA,NA,NA,NA,NA,0,52,55,49,0,75,84,65,0,52,55,49,0,70,84,55,5,NA,NA,NA,NA,NA,NA,NA,NA,NA,NA,NA,NA,NA,NA,NA,NA,NA,NA
2015-09-30,"off",1,NA,NA,NA,NA,NA,NA,0,69,79,59,0,78,89,66,0,59,63,55,0,81,92,70,5.1,17.959999,18.059999,17.58,17.870001,1799900,17.870001,27.950001,28.799999,27.629999,28.5,24727900,27.783736,13.64,14.06,13.5,13.91,9459900,13.91
2015-09-27,"off",1,NA,NA,NA,NA,NA,NA,0,64,71,56,0,79,90,67,0,72,76,67,0,74,78,69,5.1,NA,NA,NA,NA,NA,NA,NA,NA,NA,NA,NA,NA,NA,NA,NA,NA,NA,NA
2015-09-25,"off",1,NA,NA,NA,NA,NA,NA,0,70,76,63,0,81,93,69,0,70,76,64,0,82,93,71,5.1,18.57,18.58,17.9,18.09,1261600,18.09,31.24,31.450001,30.99,31.15,2821300,30.367136,13.96,13.99,13.43,13.47,3920600,13.47
2015-09-24,"off",1,NA,NA,NA,NA,NA,NA,0,71,82,60,0,80,92,68,0,70,78,62,0,79,90,67,5.1,18.41,18.49,18.219999,18.389999,1368800,18.389999,31.07,31.34,30.860001,31.01,4604800,30.230655,13.63,13.87,13.5,13.8,3581500,13.8
2015-09-15,"off",1,NA,NA,NA,NA,NA,NA,0,75,84,65,0,74,80,67,0,75,84,65,0,81,91,71,5.1,19.209999,19.299999,18.889999,18.950001,2079900,18.950001,32.200001,32.360001,31.68,31.77,5788500,30.971555,12.1,12.1,11.69,11.97,6038800,11.97
2015-09-13,"off",1,NA,NA,NA,NA,NA,NA,0,71,80,62,0,82,91,72,0,61,71,50,0,72,84,59,5.1,NA,NA,NA,NA,NA,NA,NA,NA,NA,NA,NA,NA,NA,NA,NA,NA,NA,NA
2015-09-02,"off",1,NA,NA,NA,NA,NA,NA,0,83,91,74,0,74,81,67,0,83,92,73,0,81,89,73,5.1,20.5,20.5,20.09,20.48,1826200,20.48,32.73,33.029999,32.380001,32.639999,4131600,31.819689,12.21,12.27,12.05,12.24,3076600,12.24
2015-09-01,"off",1,NA,NA,NA,NA,NA,NA,0,83,90,76,0,76,83,69,0,82,89,74,0,77,81,72,5.1,20.049999,20.450001,20.02,20.200001,1806200,20.200001,32.25,32.630001,32.07,32.27,3117500,31.458989,11.88,12.11,11.66,12.03,3083300,12.03
2015-08-09,"off",1,NA,NA,NA,NA,NA,NA,0,77,85,68,0,71,78,63,0,77,83,70,0,90,102,77,5.1,NA,NA,NA,NA,NA,NA,NA,NA,NA,NA,NA,NA,NA,NA,NA,NA,NA,NA
2015-08-07,"off",1,NA,NA,NA,NA,NA,NA,0,77,84,69,0,74,81,66,0,77,85,68,0,89,100,77,5.1,18.629999,18.9,18.51,18.549999,1640000,18.549999,34.849998,35.150002,34.669998,34.889999,6044200,34.013142,12.47,12.73,12.4,12.42,4074500,12.42
2015-07-10,"off",1,NA,NA,NA,NA,NA,NA,0,78,84,72,0,69,76,62,0,73,82,63,0,84,93,74,5.3,18.540001,18.780001,18.299999,18.34,1457200,18.34,37.720001,37.75,36.830002,37.580002,9841900,36.635539,16.450001,16.450001,16.18,16.370001,2652700,16.370001
2015-07-05,"off",1,NA,NA,NA,NA,NA,NA,0,76,83,68,0,68,73,64,0,75,85,65,0,85,93,77,5.3,NA,NA,NA,NA,NA,NA,NA,NA,NA,NA,NA,NA,NA,NA,NA,NA,NA,NA
2015-07-05,"sale",1,NA,NA,NA,NA,NA,NA,0,76,83,68,0,68,73,64,0,75,85,65,0,85,93,77,5.3,NA,NA,NA,NA,NA,NA,NA,NA,NA,NA,NA,NA,NA,NA,NA,NA,NA,NA
2015-07-02,"sale",1,NA,NA,NA,NA,NA,NA,0,75,80,69,0,74,83,65,0,64,71,56,0,82,92,71,5.3,18.450001,18.52,18.309999,18.35,551300,18.35,38.509998,39,38.400002,38.619999,2136200,37.425179,16.540001,16.6,16.4,16.5,1961100,16.5
2015-07-02,"off",1,NA,NA,NA,NA,NA,NA,0,75,80,69,0,74,83,65,0,64,71,56,0,82,92,71,5.3,18.450001,18.52,18.309999,18.35,551300,18.35,38.509998,39,38.400002,38.619999,2136200,37.425179,16.540001,16.6,16.4,16.5,1961100,16.5
2015-07-02,"off",1,NA,NA,NA,NA,NA,NA,0,75,80,69,0,74,83,65,0,64,71,56,0,82,92,71,5.3,18.450001,18.52,18.309999,18.35,551300,18.35,38.509998,39,38.400002,38.619999,2136200,37.425179,16.540001,16.6,16.4,16.5,1961100,16.5
2015-06-25,"off",1,NA,NA,NA,NA,NA,NA,0,73,87,64,0,72,81,62,0,74,83,65,0,85,94,75,5.3,18.65,18.709999,18.389999,18.58,826100,18.58,38.900002,39.150002,38.759998,38.759998,2513100,37.560847,17.379999,17.49,17.15,17.190001,2647500,17.190001
2015-06-13,"off",1,NA,NA,NA,NA,NA,NA,0,79,86,72,0,68,72,63,0,73,88,58,0,80,86,74,5.3,NA,NA,NA,NA,NA,NA,NA,NA,NA,NA,NA,NA,NA,NA,NA,NA,NA,NA
2015-05-25,"off",1,"off",1,NA,NA,NA,NA,0,75,85,64,0,64,71,57,0,75,81,68,0,77,88,66,5.5,NA,NA,NA,NA,NA,NA,NA,NA,NA,NA,NA,NA,NA,NA,NA,NA,NA,NA
2015-05-22,"sale",1,NA,NA,NA,NA,NA,NA,0,65,74,55,0,63,69,57,0,59,68,50,0,72,79,65,5.5,16.92,17.190001,16.91,16.93,872900,16.93,38.25,38.830002,37.849998,38.009998,5849800,36.834051,15.14,15.19,14.89,15.08,2148600,15.08
2015-05-18,"off",1,NA,NA,NA,NA,"off",1,0,68,75,60,0,66,71,60,0,66,81,51,0,80,86,73,5.5,17.23,17.379999,16.940001,17.299999,1363300,17.299999,39.029999,39.459999,38.98,39.25,4175900,38.035689,15.04,15.49,13.5,14.07,27022800,14.07
2015-05-18,"sale",1,NA,NA,NA,NA,"off",1,0,68,75,60,0,66,71,60,0,66,81,51,0,80,86,73,5.5,17.23,17.379999,16.940001,17.299999,1363300,17.299999,39.029999,39.459999,38.98,39.25,4175900,38.035689,15.04,15.49,13.5,14.07,27022800,14.07
2015-05-10,"off",1,NA,NA,NA,NA,NA,NA,0,72,83,61,0,63,72,54,0,53,58,47,0,82,87,77,5.5,NA,NA,NA,NA,NA,NA,NA,NA,NA,NA,NA,NA,NA,NA,NA,NA,NA,NA
2015-05-08,"off",1,NA,NA,NA,NA,NA,NA,0,69,82,56,0,57,63,50,0,75,84,66,0,81,85,77,5.5,17.5,17.620001,17.18,17.200001,833800,17.200001,40.25,40.639999,39.5,39.610001,5465500,38.384552,14.91,15.16,14.9,15.04,1762500,15.04
2015-04-20,"off",1,NA,NA,NA,NA,NA,NA,0,52,57,46,0,63,70,55,0,50,56,43,0,67,74,59,5.4,17.09,17.219999,16.709999,17.17,1379200,17.17,40.810001,40.849998,40.330002,40.599998,3073700,39.343922,14.72,14.86,14.55,14.78,1722000,14.78
2015-04-19,"off",1,NA,NA,NA,NA,NA,NA,0,56,64,48,0,65,75,55,0,60,69,51,0,72,86,58,5.4,NA,NA,NA,NA,NA,NA,NA,NA,NA,NA,NA,NA,NA,NA,NA,NA,NA,NA
2015-04-17,"off",1,NA,NA,NA,NA,"off",1,0,63,71,55,0,69,81,56,0,65,80,49,0,74,83,64,5.4,17.280001,17.299999,16.84,16.940001,1661100,16.940001,40.799999,40.950001,40.59,40.630001,4039200,39.372996,14.75,14.75,14.54,14.61,1726400,14.61
2015-04-17,"off",1,NA,NA,NA,NA,"off",1,0,63,71,55,0,69,81,56,0,65,80,49,0,74,83,64,5.4,17.280001,17.299999,16.84,16.940001,1661100,16.940001,40.799999,40.950001,40.59,40.630001,4039200,39.372996,14.75,14.75,14.54,14.61,1726400,14.61
2015-04-13,"off",1,NA,NA,NA,NA,NA,NA,0,59,68,50,0,67,75,58,0,61,69,53,0,79,86,71,5.4,16.889999,17.18,16.75,17.120001,1260500,17.120001,41.200001,41.290001,40.580002,41.07,3576000,39.799382,14.54,14.68,14.47,14.6,864600,14.6
2015-03-26,"off",1,NA,NA,NA,NA,NA,NA,0,52,62,42,0,77,92,61,1,40,46,34,0,62,69,54,5.5,16.219999,16.4,16.139999,16.200001,686700,16.200001,42.459999,42.599998,41.959999,42.400002,2575600,40.865981,13.98,13.99,13.56,13.64,1044000,13.64
2015-03-22,"off",1,NA,NA,NA,NA,NA,NA,0,36,43,28,0,66,72,59,1,34,37,30,0,68,76,60,5.5,NA,NA,NA,NA,NA,NA,NA,NA,NA,NA,NA,NA,NA,NA,NA,NA,NA,NA
2015-03-22,"off",1,NA,NA,NA,NA,NA,NA,0,36,43,28,0,66,72,59,1,34,37,30,0,68,76,60,5.5,NA,NA,NA,NA,NA,NA,NA,NA,NA,NA,NA,NA,NA,NA,NA,NA,NA,NA
2015-03-21,"sale",1,NA,NA,NA,NA,NA,NA,1,37,46,28,0,69,75,62,0,43,50,35,0,65,66,64,5.5,NA,NA,NA,NA,NA,NA,NA,NA,NA,NA,NA,NA,NA,NA,NA,NA,NA,NA
2015-03-20,"off",1,NA,NA,NA,NA,NA,NA,1,34,38,29,0,69,78,59,0,46,52,39,0,74,82,66,5.5,16.67,16.790001,16.4,16.5,1738000,16.5,42.880001,43.419998,42.639999,43.16,6628700,41.598483,13.98,14.08,13.73,14.07,1909600,14.07
2015-03-19,"off",1,NA,NA,NA,NA,NA,NA,0,36,43,29,0,68,76,60,0,46,50,41,0,73,79,66,5.5,16.469999,16.68,16.469999,16.65,1050000,16.65,42,43,42,42.77,5153800,41.222594,13.59,14.02,13.51,13.96,1412800,13.96
2015-03-18,"off",1,NA,NA,NA,NA,NA,NA,0,34,39,29,0,69,75,62,0,40,50,30,0,74,82,65,5.5,16.32,16.459999,16.200001,16.440001,1366200,16.440001,41.130001,42.48,40.91,42.330002,5163300,40.798514,13.73,13.75,13.39,13.6,1431100,13.6
2015-03-15,"off",1,NA,NA,NA,NA,NA,NA,0,40,44,36,0,79,92,66,0,49,64,34,0,64,73,55,5.5,NA,NA,NA,NA,NA,NA,NA,NA,NA,NA,NA,NA,NA,NA,NA,NA,NA,NA
2015-03-15,"off",1,NA,NA,NA,NA,NA,NA,0,40,44,36,0,79,92,66,0,49,64,34,0,64,73,55,5.5,NA,NA,NA,NA,NA,NA,NA,NA,NA,NA,NA,NA,NA,NA,NA,NA,NA,NA
2015-03-15,"off",1,NA,NA,NA,NA,NA,NA,0,40,44,36,0,79,92,66,0,49,64,34,0,64,73,55,5.5,NA,NA,NA,NA,NA,NA,NA,NA,NA,NA,NA,NA,NA,NA,NA,NA,NA,NA
2015-03-08,"off",1,NA,NA,NA,NA,NA,NA,0,43,49,37,0,66,78,53,1,37,42,31,0,49,53,45,5.5,NA,NA,NA,NA,NA,NA,NA,NA,NA,NA,NA,NA,NA,NA,NA,NA,NA,NA
2015-03-06,"off",1,NA,NA,NA,NA,NA,NA,0,22,28,15,0,66,83,49,0,17,27,6,0,44,57,30,5.5,13.77,13.96,13.75,13.83,670700,13.83,40.84,41.23,40.619999,40.720001,4576400,39.246763,13.2,13.64,13.2,13.49,1225700,13.49
2015-03-01,"off",1,NA,NA,NA,NA,NA,NA,1,28,31,24,0,58,65,50,1,23,27,18,0,54,59,49,5.5,NA,NA,NA,NA,NA,NA,NA,NA,NA,NA,NA,NA,NA,NA,NA,NA,NA,NA
2015-02-28,"off",1,NA,NA,NA,NA,NA,NA,0,21,29,13,0,59,65,52,1,12,23,1,0,47,57,37,5.5,NA,NA,NA,NA,NA,NA,NA,NA,NA,NA,NA,NA,NA,NA,NA,NA,NA,NA
2015-02-15,"off",1,NA,NA,NA,NA,NA,NA,1,14,24,1,0,67,80,54,1,9,17,0,0,61,71,51,5.5,NA,NA,NA,NA,NA,NA,NA,NA,NA,NA,NA,NA,NA,NA,NA,NA,NA,NA
2015-02-14,"off",1,NA,NA,NA,NA,NA,NA,1,19,28,10,0,71,86,56,1,17,29,4,0,61,78,43,5.5,NA,NA,NA,NA,NA,NA,NA,NA,NA,NA,NA,NA,NA,NA,NA,NA,NA,NA
2015-02-13,"off",1,NA,NA,NA,NA,NA,NA,0,15,21,8,0,73,88,57,1,18,29,7,0,53,66,39,5.5,14.23,14.65,14.18,14.61,1213200,14.61,40.939999,41.490002,40.880001,41.200001,3956200,39.709396,12.88,13.16,12.7,13.11,2579300,13.11
2015-02-13,"off",1,NA,NA,NA,NA,NA,NA,0,15,21,8,0,73,88,57,1,18,29,7,0,53,66,39,5.5,14.23,14.65,14.18,14.61,1213200,14.61,40.939999,41.490002,40.880001,41.200001,3956200,39.709396,12.88,13.16,12.7,13.11,2579300,13.11
2015-02-12,"off",1,"off",1,NA,NA,NA,NA,1,28,40,16,0,71,85,56,1,16,21,11,0,56,66,46,5.5,14.31,14.31,14,14.28,837700,14.28,41.52,41.77,41.049999,41.57,4383200,40.066009,12.61,12.9,12.36,12.53,1780400,12.53
2015-02-09,"off",1,NA,NA,NA,NA,NA,NA,0,27,29,25,0,66,73,58,1,29,31,26,0,69,83,54,5.5,13.9,14.03,13.78,13.89,751200,13.89,41.48,41.799999,41,41.099998,3939900,39.613012,12.29,12.77,12.29,12.61,2267300,12.61
2015-02-08,"off",1,NA,NA,NA,NA,NA,NA,0,33,37,29,0,68,77,59,0,37,42,31,0,66,77,54,5.5,NA,NA,NA,NA,NA,NA,NA,NA,NA,NA,NA,NA,NA,NA,NA,NA,NA,NA
2015-02-07,"sale",1,NA,NA,NA,NA,NA,NA,1,33,40,25,0,62,69,54,0,35,44,25,0,53,69,37,5.5,NA,NA,NA,NA,NA,NA,NA,NA,NA,NA,NA,NA,NA,NA,NA,NA,NA,NA
2015-01-19,"off",1,NA,NA,NA,NA,NA,NA,0,38,41,35,0,61,72,50,1,35,43,27,0,53,72,34,5.7,NA,NA,NA,NA,NA,NA,NA,NA,NA,NA,NA,NA,NA,NA,NA,NA,NA,NA
2015-01-16,"off",1,NA,NA,NA,NA,NA,NA,0,32,43,20,0,64,77,50,0,29,35,22,0,47,61,33,5.7,14.46,14.71,14.3,14.44,962700,14.44,40.02,40.52,39.279999,40.5,6189600,39.034721,10.82,10.99,10.72,10.8,1373900,10.8
2015-01-16,"off",1,NA,NA,NA,NA,NA,NA,0,32,43,20,0,64,77,50,0,29,35,22,0,47,61,33,5.7,14.46,14.71,14.3,14.44,962700,14.44,40.02,40.52,39.279999,40.5,6189600,39.034721,10.82,10.99,10.72,10.8,1373900,10.8
2015-01-13,"off",1,NA,NA,NA,NA,NA,NA,0,27,36,17,0,61,68,54,1,18,23,13,0,45,46,43,5.7,14.77,14.96,14.55,14.68,763600,14.68,42.369999,42.779999,41.52,41.59,3368200,40.085286,11.49,11.82,11.12,11.18,2290000,11.18
2015-01-12,"off",1,NA,NA,NA,NA,NA,NA,0,37,39,35,0,60,66,53,1,25,30,19,0,46,49,43,5.7,14.61,14.92,14.27,14.57,2130000,14.57,42.23,42.400002,41.98,42.25,2784400,40.721407,11.4,11.57,11.16,11.44,3987300,11.44
2014-12-27,"off",1,NA,NA,NA,NA,NA,NA,0,50,55,44,0,51,63,39,0,41,50,32,0,60,74,46,5.6,NA,NA,NA,NA,NA,NA,NA,NA,NA,NA,NA,NA,NA,NA,NA,NA,NA,NA
2014-12-26,"off",1,NA,NA,NA,NA,NA,NA,0,45,50,40,0,53,63,42,0,45,51,38,0,61,71,51,5.6,15.09,15.13,14.7,14.99,858300,14.99,41.73,41.959999,41.400002,41.419998,1732400,39.712819,12.36,12.58,12.27,12.3,760900,12.3
2014-12-24,"off",1,NA,NA,NA,NA,NA,NA,0,51,58,44,0,64,75,53,0,41,43,38,0,46,55,37,5.6,14.68,14.99,14.59,14.96,441100,14.96,41.560001,41.82,41.439999,41.459999,745400,39.751171,12.27,12.55,12.25,12.25,823100,12.25
2014-12-23,"off",1,NA,NA,NA,NA,NA,NA,0,45,46,43,0,67,83,51,0,46,50,42,0,54,60,48,5.6,14.39,14.68,14.3,14.64,1194700,14.64,41.27,41.799999,41.23,41.369999,1967000,39.66488,12,12.32,11.99,12.23,1901000,12.23
2014-12-22,"off",1,NA,NA,NA,NA,NA,NA,0,40,44,35,0,63,75,50,0,38,44,31,0,64,72,55,5.6,14.3,14.4,14.19,14.34,1060400,14.34,41.18,41.470001,40.810001,41.09,2169100,39.396422,11.74,12,11.56,11.98,2322900,11.98
2014-12-21,"off",1,NA,NA,NA,NA,NA,NA,1,34,36,31,0,59,68,50,0,36,38,34,0,55,61,48,5.6,NA,NA,NA,NA,NA,NA,NA,NA,NA,NA,NA,NA,NA,NA,NA,NA,NA,NA
2014-12-20,"off",1,NA,NA,NA,NA,NA,NA,0,32,33,30,0,57,64,50,1,34,35,32,0,52,54,50,5.6,NA,NA,NA,NA,NA,NA,NA,NA,NA,NA,NA,NA,NA,NA,NA,NA,NA,NA
2014-12-19,"off",1,NA,NA,NA,NA,NA,NA,0,35,38,31,0,58,66,49,1,32,34,29,0,56,59,52,5.6,14.19,14.31,13.9,14.26,1653400,14.26,40.959999,41.169998,40.549999,41.02,3759500,39.329307,12,12,11.52,11.75,4040900,11.75
2014-12-18,"off",1,NA,NA,NA,NA,NA,NA,0,40,42,37,0,55,62,48,1,28,31,25,0,64,70,57,5.6,14.15,14.28,13.94,14.2,864800,14.2,41,41.049999,40.310001,41.009998,2903500,39.319717,12.26,12.32,11.88,11.91,2239100,11.91
2014-12-17,"sale",1,NA,NA,NA,NA,NA,NA,0,48,54,42,0,58,65,51,1,29,32,26,0,54,64,44,5.6,13.68,14,13.54,13.94,825300,13.94,40.029999,40.490002,39.709999,40.41,2346200,38.744449,12.03,12.16,11.86,12.13,1758300,12.13
2014-12-17,"off",1,NA,NA,NA,NA,NA,NA,0,48,54,42,0,58,65,51,1,29,32,26,0,54,64,44,5.6,13.68,14,13.54,13.94,825300,13.94,40.029999,40.490002,39.709999,40.41,2346200,38.744449,12.03,12.16,11.86,12.13,1758300,12.13
2014-12-17,"off",1,NA,NA,NA,NA,NA,NA,0,48,54,42,0,58,65,51,1,29,32,26,0,54,64,44,5.6,13.68,14,13.54,13.94,825300,13.94,40.029999,40.490002,39.709999,40.41,2346200,38.744449,12.03,12.16,11.86,12.13,1758300,12.13
2014-12-05,"off",1,NA,NA,NA,NA,"off",1,0,36,43,30,0,63,69,57,0,38,41,35,0,72,79,65,5.6,13.02,13.26,12.92,13.22,1876300,13.22,41.82,41.950001,40.34,40.740002,6578400,39.060849,12.2,12.31,12.09,12.19,1926000,12.19
2014-12-05,"off",1,NA,NA,NA,NA,"off",1,0,36,43,30,0,63,69,57,0,38,41,35,0,72,79,65,5.6,13.02,13.26,12.92,13.22,1876300,13.22,41.82,41.950001,40.34,40.740002,6578400,39.060849,12.2,12.31,12.09,12.19,1926000,12.19
2014-12-05,"off",1,NA,NA,NA,NA,"off",1,0,36,43,30,0,63,69,57,0,38,41,35,0,72,79,65,5.6,13.02,13.26,12.92,13.22,1876300,13.22,41.82,41.950001,40.34,40.740002,6578400,39.060849,12.2,12.31,12.09,12.19,1926000,12.19
2014-12-05,"off",1,NA,NA,NA,NA,"off",1,0,36,43,30,0,63,69,57,0,38,41,35,0,72,79,65,5.6,13.02,13.26,12.92,13.22,1876300,13.22,41.82,41.950001,40.34,40.740002,6578400,39.060849,12.2,12.31,12.09,12.19,1926000,12.19
2014-12-03,"off",1,NA,NA,NA,NA,NA,NA,0,44,48,39,0,63,67,59,0,33,39,26,0,59,66,52,5.6,14.65,14.84,14.43,14.49,1488800,14.49,39.860001,40.779999,39.66,40.599998,4282300,38.926616,12.93,13.05,12.08,12.21,4590100,12.21
2014-12-03,"off",1,NA,NA,NA,NA,NA,NA,0,44,48,39,0,63,67,59,0,33,39,26,0,59,66,52,5.6,14.65,14.84,14.43,14.49,1488800,14.49,39.860001,40.779999,39.66,40.599998,4282300,38.926616,12.93,13.05,12.08,12.21,4590100,12.21
2014-12-03,"off",1,NA,NA,NA,NA,NA,NA,0,44,48,39,0,63,67,59,0,33,39,26,0,59,66,52,5.6,14.65,14.84,14.43,14.49,1488800,14.49,39.860001,40.779999,39.66,40.599998,4282300,38.926616,12.93,13.05,12.08,12.21,4590100,12.21
2014-12-03,"off",1,NA,NA,NA,NA,NA,NA,0,44,48,39,0,63,67,59,0,33,39,26,0,59,66,52,5.6,14.65,14.84,14.43,14.49,1488800,14.49,39.860001,40.779999,39.66,40.599998,4282300,38.926616,12.93,13.05,12.08,12.21,4590100,12.21
2014-12-02,"off",1,NA,NA,NA,NA,NA,NA,1,38,43,34,0,62,66,58,1,28,33,22,0,50,56,44,5.6,14.27,14.64,14.02,14.61,1645900,14.61,39.490002,40.110001,39.419998,39.849998,3776000,38.207528,12.98,13.23,12.94,12.95,3310500,12.95
2014-12-01,"off",1,NA,NA,"sale",1,"off",1,0,54,65,42,0,63,69,57,1,25,29,21,0,57,69,45,5.6,14.85,14.92,14.2,14.24,1403400,14.24,39.290001,39.470001,38.939999,39.43,4653900,37.804841,13.3,13.3,12.89,13.04,2265300,13.04
2014-12-01,"off",1,NA,NA,"sale",1,"off",1,0,54,65,42,0,63,69,57,1,25,29,21,0,57,69,45,5.6,14.85,14.92,14.2,14.24,1403400,14.24,39.290001,39.470001,38.939999,39.43,4653900,37.804841,13.3,13.3,12.89,13.04,2265300,13.04
2014-12-01,"off",1,NA,NA,"sale",1,"off",1,0,54,65,42,0,63,69,57,1,25,29,21,0,57,69,45,5.6,14.85,14.92,14.2,14.24,1403400,14.24,39.290001,39.470001,38.939999,39.43,4653900,37.804841,13.3,13.3,12.89,13.04,2265300,13.04
2014-12-01,"off",1,NA,NA,"sale",1,"off",1,0,54,65,42,0,63,69,57,1,25,29,21,0,57,69,45,5.6,14.85,14.92,14.2,14.24,1403400,14.24,39.290001,39.470001,38.939999,39.43,4653900,37.804841,13.3,13.3,12.89,13.04,2265300,13.04
2014-12-01,"off",1,NA,NA,"sale",1,"off",1,0,54,65,42,0,63,69,57,1,25,29,21,0,57,69,45,5.6,14.85,14.92,14.2,14.24,1403400,14.24,39.290001,39.470001,38.939999,39.43,4653900,37.804841,13.3,13.3,12.89,13.04,2265300,13.04
2014-12-01,"off",1,NA,NA,"sale",1,"off",1,0,54,65,42,0,63,69,57,1,25,29,21,0,57,69,45,5.6,14.85,14.92,14.2,14.24,1403400,14.24,39.290001,39.470001,38.939999,39.43,4653900,37.804841,13.3,13.3,12.89,13.04,2265300,13.04
2014-11-30,"off",1,NA,NA,NA,NA,NA,NA,0,50,55,45,0,63,66,60,0,43,56,29,0,71,80,61,5.8,NA,NA,NA,NA,NA,NA,NA,NA,NA,NA,NA,NA,NA,NA,NA,NA,NA,NA
2014-11-30,"off",1,NA,NA,NA,NA,NA,NA,0,50,55,45,0,63,66,60,0,43,56,29,0,71,80,61,5.8,NA,NA,NA,NA,NA,NA,NA,NA,NA,NA,NA,NA,NA,NA,NA,NA,NA,NA
2014-11-29,"off",1,NA,NA,NA,NA,NA,NA,0,36,45,27,0,63,74,51,0,44,54,33,0,69,78,60,5.8,NA,NA,NA,NA,NA,NA,NA,NA,NA,NA,NA,NA,NA,NA,NA,NA,NA,NA
2014-11-28,"off",1,NA,NA,NA,NA,NA,NA,0,33,37,29,0,67,81,53,1,28,36,20,0,55,71,39,5.8,14.89,15.22,14.89,14.95,395500,14.95,39.59,40.330002,39.48,39.599998,2577300,37.967833,13.42,13.64,13.32,13.39,841400,13.39
2014-11-28,"off",1,NA,NA,NA,NA,NA,NA,0,33,37,29,0,67,81,53,1,28,36,20,0,55,71,39,5.8,14.89,15.22,14.89,14.95,395500,14.95,39.59,40.330002,39.48,39.599998,2577300,37.967833,13.42,13.64,13.32,13.39,841400,13.39
2014-11-27,"off",1,NA,NA,NA,NA,NA,NA,1,36,38,34,0,74,89,58,1,25,30,19,0,55,67,43,5.8,NA,NA,NA,NA,NA,NA,NA,NA,NA,NA,NA,NA,NA,NA,NA,NA,NA,NA
2014-11-10,"off",1,NA,NA,NA,NA,NA,NA,0,53,61,44,0,66,70,62,0,55,65,44,0,63,80,45,5.8,15.06,15.07,14.25,14.46,1265800,14.46,38.720001,38.950001,38.41,38.560001,3253000,36.9707,12.4,12.52,12.22,12.24,863800,12.24
2014-11-09,"off",1,NA,NA,NA,NA,NA,NA,0,52,57,46,0,68,77,58,0,45,53,36,0,60,72,47,5.8,NA,NA,NA,NA,NA,NA,NA,NA,NA,NA,NA,NA,NA,NA,NA,NA,NA,NA
2014-11-07,"off",1,NA,NA,NA,NA,NA,NA,0,47,53,40,0,75,89,60,0,41,45,37,0,57,65,49,5.8,15.15,15.33,14.91,15.11,459100,15.11,38.5,39.07,37.950001,38.830002,5292600,37.229572,12.4,12.5,12.32,12.42,1340200,12.42
2014-11-05,"off",1,NA,NA,NA,NA,NA,NA,0,60,64,56,0,69,85,53,0,51,63,39,0,69,74,64,5.8,14.97,15.13,14.75,14.96,440800,14.96,37.740002,37.740002,37.099998,37.25,6247000,35.714692,12.34,12.6,12.21,12.45,1484600,12.45
2014-11-03,"off",1,NA,NA,NA,NA,NA,NA,0,52,62,41,0,65,77,52,0,55,64,45,0,67,80,53,5.8,14.89,15.1,14.68,14.84,800500,14.84,38.029999,38.029999,37.5,37.669998,3704000,36.11738,12.45,12.62,12.31,12.36,1216400,12.36
2014-11-03,"sale",1,NA,NA,NA,NA,NA,NA,0,52,62,41,0,65,77,52,0,55,64,45,0,67,80,53,5.8,14.89,15.1,14.68,14.84,800500,14.84,38.029999,38.029999,37.5,37.669998,3704000,36.11738,12.45,12.62,12.31,12.36,1216400,12.36
2014-11-02,"off",1,NA,NA,NA,NA,NA,NA,0,45,48,41,0,61,70,51,0,41,53,29,0,57,72,41,5.8,NA,NA,NA,NA,NA,NA,NA,NA,NA,NA,NA,NA,NA,NA,NA,NA,NA,NA
2014-11-02,"off",1,NA,NA,NA,NA,NA,NA,0,45,48,41,0,61,70,51,0,41,53,29,0,57,72,41,5.8,NA,NA,NA,NA,NA,NA,NA,NA,NA,NA,NA,NA,NA,NA,NA,NA,NA,NA
2014-11-02,"off",1,NA,NA,NA,NA,NA,NA,0,45,48,41,0,61,70,51,0,41,53,29,0,57,72,41,5.8,NA,NA,NA,NA,NA,NA,NA,NA,NA,NA,NA,NA,NA,NA,NA,NA,NA,NA
2014-11-01,"off",1,NA,NA,NA,NA,NA,NA,0,45,47,42,0,61,67,55,1,39,44,33,0,55,65,45,5.8,NA,NA,NA,NA,NA,NA,NA,NA,NA,NA,NA,NA,NA,NA,NA,NA,NA,NA
2014-11-01,"off",1,NA,NA,NA,NA,NA,NA,0,45,47,42,0,61,67,55,1,39,44,33,0,55,65,45,5.8,NA,NA,NA,NA,NA,NA,NA,NA,NA,NA,NA,NA,NA,NA,NA,NA,NA,NA
2014-11-01,"off",1,NA,NA,NA,NA,NA,NA,0,45,47,42,0,61,67,55,1,39,44,33,0,55,65,45,5.8,NA,NA,NA,NA,NA,NA,NA,NA,NA,NA,NA,NA,NA,NA,NA,NA,NA,NA
2014-10-31,"off",1,NA,NA,NA,NA,NA,NA,0,50,55,45,0,66,71,60,1,42,49,34,0,67,79,55,5.7,15.22,15.25,14.93,14.97,711000,14.97,38.450001,38.59,37.740002,37.889999,3273700,36.328313,12.45,12.53,12.31,12.45,1586900,12.45
2014-10-31,"off",1,NA,NA,NA,NA,NA,NA,0,50,55,45,0,66,71,60,1,42,49,34,0,67,79,55,5.7,15.22,15.25,14.93,14.97,711000,14.97,38.450001,38.59,37.740002,37.889999,3273700,36.328313,12.45,12.53,12.31,12.45,1586900,12.45
2014-10-29,"off",1,NA,NA,NA,NA,NA,NA,0,62,72,51,0,72,85,59,0,45,49,40,0,73,84,61,5.7,14.91,15.14,14.75,14.81,527000,14.81,37.27,37.68,37.02,37.560001,5710700,36.011917,12.37,12.55,12.18,12.25,1303800,12.25
2014-10-09,"off",1,NA,NA,NA,NA,NA,NA,0,62,68,55,0,74,80,67,0,57,64,50,0,79,90,68,5.7,14.86,14.96,14.33,14.37,779000,14.37,37.139999,37.75,36.439999,36.669998,31097800,35.158596,12.75,12.8,12.36,12.36,1952300,12.36
2014-10-08,"off",1,NA,NA,NA,NA,"off",1,0,68,73,62,0,75,87,63,0,58,67,48,0,80,90,69,5.7,14.49,15.12,14.44,15.04,926600,15.04,41.27,42.040001,41.200001,41.900002,8501300,40.173038,12.71,12.76,12.48,12.75,2413200,12.75
2014-10-07,"off",1,NA,NA,NA,NA,"off",1,0,67,71,63,0,79,93,64,0,59,69,49,0,78,90,65,5.7,14.69,14.76,14.42,14.42,1115700,14.42,40.970001,41.5,40.919998,41.200001,9798900,39.501889,12.78,12.87,12.65,12.7,1822200,12.7
2014-10-06,"off",1,NA,NA,NA,NA,"off",1,0,60,69,50,0,78,92,64,0,56,63,48,0,75,84,65,5.7,15.28,15.37,14.8,14.8,1089100,14.8,41.84,41.950001,41.189999,41.200001,5624200,39.501889,13.07,13.1,12.86,12.87,1565900,12.87
2014-10-06,"off",1,NA,NA,NA,NA,"off",1,0,60,69,50,0,78,92,64,0,56,63,48,0,75,84,65,5.7,15.28,15.37,14.8,14.8,1089100,14.8,41.84,41.950001,41.189999,41.200001,5624200,39.501889,13.07,13.1,12.86,12.87,1565900,12.87
2014-10-05,"off",1,NA,NA,NA,NA,NA,NA,0,54,61,46,0,80,95,65,0,49,56,42,0,69,85,53,5.7,NA,NA,NA,NA,NA,NA,NA,NA,NA,NA,NA,NA,NA,NA,NA,NA,NA,NA
2014-10-05,"sale",1,NA,NA,NA,NA,NA,NA,0,54,61,46,0,80,95,65,0,49,56,42,0,69,85,53,5.7,NA,NA,NA,NA,NA,NA,NA,NA,NA,NA,NA,NA,NA,NA,NA,NA,NA,NA
2014-10-05,"off",1,NA,NA,NA,NA,NA,NA,0,54,61,46,0,80,95,65,0,49,56,42,0,69,85,53,5.7,NA,NA,NA,NA,NA,NA,NA,NA,NA,NA,NA,NA,NA,NA,NA,NA,NA,NA
2014-10-05,"off",1,NA,NA,NA,NA,NA,NA,0,54,61,46,0,80,95,65,0,49,56,42,0,69,85,53,5.7,NA,NA,NA,NA,NA,NA,NA,NA,NA,NA,NA,NA,NA,NA,NA,NA,NA,NA
2014-10-05,"off",1,NA,NA,NA,NA,NA,NA,0,54,61,46,0,80,95,65,0,49,56,42,0,69,85,53,5.7,NA,NA,NA,NA,NA,NA,NA,NA,NA,NA,NA,NA,NA,NA,NA,NA,NA,NA
2014-10-04,"off",1,NA,NA,NA,NA,NA,NA,0,61,69,52,0,81,97,65,1,43,49,37,0,68,77,59,5.7,NA,NA,NA,NA,NA,NA,NA,NA,NA,NA,NA,NA,NA,NA,NA,NA,NA,NA
2014-10-04,"off",1,NA,NA,NA,NA,NA,NA,0,61,69,52,0,81,97,65,1,43,49,37,0,68,77,59,5.7,NA,NA,NA,NA,NA,NA,NA,NA,NA,NA,NA,NA,NA,NA,NA,NA,NA,NA
2014-10-04,"off",1,NA,NA,NA,NA,NA,NA,0,61,69,52,0,81,97,65,1,43,49,37,0,68,77,59,5.7,NA,NA,NA,NA,NA,NA,NA,NA,NA,NA,NA,NA,NA,NA,NA,NA,NA,NA
2014-10-02,"off",1,NA,NA,NA,NA,NA,NA,0,66,70,61,0,81,98,64,0,71,75,66,0,82,93,71,5.7,15.09,15.31,14.84,15.17,717300,15.17,41.52,42.040001,41.349998,41.93,3787000,39.991221,12.99,13.17,12.85,13.08,1710300,13.08
2014-10-02,"sale",1,NA,NA,NA,NA,NA,NA,0,66,70,61,0,81,98,64,0,71,75,66,0,82,93,71,5.7,15.09,15.31,14.84,15.17,717300,15.17,41.52,42.040001,41.349998,41.93,3787000,39.991221,12.99,13.17,12.85,13.08,1710300,13.08
2014-10-02,"off",1,NA,NA,NA,NA,NA,NA,0,66,70,61,0,81,98,64,0,71,75,66,0,82,93,71,5.7,15.09,15.31,14.84,15.17,717300,15.17,41.52,42.040001,41.349998,41.93,3787000,39.991221,12.99,13.17,12.85,13.08,1710300,13.08
2014-10-02,"off",1,NA,NA,NA,NA,NA,NA,0,66,70,61,0,81,98,64,0,71,75,66,0,82,93,71,5.7,15.09,15.31,14.84,15.17,717300,15.17,41.52,42.040001,41.349998,41.93,3787000,39.991221,12.99,13.17,12.85,13.08,1710300,13.08
2014-10-02,"off",1,NA,NA,NA,NA,NA,NA,0,66,70,61,0,81,98,64,0,71,75,66,0,82,93,71,5.7,15.09,15.31,14.84,15.17,717300,15.17,41.52,42.040001,41.349998,41.93,3787000,39.991221,12.99,13.17,12.85,13.08,1710300,13.08
2014-09-18,"off",1,NA,NA,NA,NA,"off",1,0,67,76,57,0,74,81,67,0,63,72,53,0,77,81,73,6,16.98,17.02,16.68,16.91,739600,16.91,43.830002,44.060001,43.720001,43.84,2334700,41.812905,17.18,17.18,17,17.07,712300,17.07
2014-09-18,"off",1,NA,NA,NA,NA,"sale",1,0,67,76,57,0,74,81,67,0,63,72,53,0,77,81,73,6,16.98,17.02,16.68,16.91,739600,16.91,43.830002,44.060001,43.720001,43.84,2334700,41.812905,17.18,17.18,17,17.07,712300,17.07
2014-09-18,"off",1,NA,NA,NA,NA,"off",1,0,67,76,57,0,74,81,67,0,63,72,53,0,77,81,73,6,16.98,17.02,16.68,16.91,739600,16.91,43.830002,44.060001,43.720001,43.84,2334700,41.812905,17.18,17.18,17,17.07,712300,17.07
2014-09-18,"off",1,NA,NA,NA,NA,"sale",1,0,67,76,57,0,74,81,67,0,63,72,53,0,77,81,73,6,16.98,17.02,16.68,16.91,739600,16.91,43.830002,44.060001,43.720001,43.84,2334700,41.812905,17.18,17.18,17,17.07,712300,17.07
2014-09-18,"off",1,NA,NA,NA,NA,"off",1,0,67,76,57,0,74,81,67,0,63,72,53,0,77,81,73,6,16.98,17.02,16.68,16.91,739600,16.91,43.830002,44.060001,43.720001,43.84,2334700,41.812905,17.18,17.18,17,17.07,712300,17.07
2014-09-18,"off",1,NA,NA,NA,NA,"sale",1,0,67,76,57,0,74,81,67,0,63,72,53,0,77,81,73,6,16.98,17.02,16.68,16.91,739600,16.91,43.830002,44.060001,43.720001,43.84,2334700,41.812905,17.18,17.18,17,17.07,712300,17.07
2014-08-31,"off",1,NA,NA,NA,NA,NA,NA,0,82,90,73,0,78,87,69,0,79,87,71,0,79,84,74,6.2,NA,NA,NA,NA,NA,NA,NA,NA,NA,NA,NA,NA,NA,NA,NA,NA,NA,NA
2014-08-31,"off",1,NA,NA,NA,NA,NA,NA,0,82,90,73,0,78,87,69,0,79,87,71,0,79,84,74,6.2,NA,NA,NA,NA,NA,NA,NA,NA,NA,NA,NA,NA,NA,NA,NA,NA,NA,NA
2014-08-30,"off",1,NA,NA,NA,NA,NA,NA,0,73,80,65,0,77,89,65,0,80,86,74,0,84,92,75,6.2,NA,NA,NA,NA,NA,NA,NA,NA,NA,NA,NA,NA,NA,NA,NA,NA,NA,NA
2014-08-30,"off",1,NA,NA,NA,NA,NA,NA,0,73,80,65,0,77,89,65,0,80,86,74,0,84,92,75,6.2,NA,NA,NA,NA,NA,NA,NA,NA,NA,NA,NA,NA,NA,NA,NA,NA,NA,NA
2014-08-29,"off",1,NA,NA,NA,NA,NA,NA,0,71,80,61,0,78,90,65,0,81,88,73,0,83,91,75,6.2,17.030001,17.360001,16.799999,17.34,1855600,17.34,46.290001,46.330002,46,46.150002,2128800,44.016096,17.389999,17.440001,17.200001,17.389999,812000,17.389999
2014-08-29,"off",1,NA,NA,NA,NA,NA,NA,0,71,80,61,0,78,90,65,0,81,88,73,0,83,91,75,6.2,17.030001,17.360001,16.799999,17.34,1855600,17.34,46.290001,46.330002,46,46.150002,2128800,44.016096,17.389999,17.440001,17.200001,17.389999,812000,17.389999
2014-08-28,"off",1,NA,NA,NA,NA,NA,NA,0,74,82,66,0,80,91,68,0,73,77,69,0,83,90,76,6.2,16.440001,17.16,16.24,16.99,2088000,16.99,45.880001,46.580002,45.599998,46.330002,3008900,44.187773,17.290001,17.42,17.139999,17.389999,950500,17.389999
2014-08-26,"off",1,NA,NA,NA,NA,NA,NA,0,80,89,70,0,75,84,65,0,79,86,72,0,86,97,74,6.2,14.68,14.76,14.51,14.59,1322400,14.59,45.68,46.610001,45.66,46.27,4443300,44.130546,17.110001,17.540001,17.09,17.43,807600,17.43
2014-08-25,"sale",1,NA,NA,NA,NA,NA,NA,0,76,88,64,0,72,80,64,0,83,92,73,0,87,97,76,6.2,14.45,14.69,14.41,14.63,778200,14.63,45.509998,46.240002,45.509998,45.709999,4052900,43.596438,17.08,17.15,16.98,17.110001,565700,17.110001
2014-08-25,"off",1,NA,NA,NA,NA,NA,NA,0,76,88,64,0,72,80,64,0,83,92,73,0,87,97,76,6.2,14.45,14.69,14.41,14.63,778200,14.63,45.509998,46.240002,45.509998,45.709999,4052900,43.596438,17.08,17.15,16.98,17.110001,565700,17.110001
2014-08-25,"sale",1,NA,NA,NA,NA,NA,NA,0,76,88,64,0,72,80,64,0,83,92,73,0,87,97,76,6.2,14.45,14.69,14.41,14.63,778200,14.63,45.509998,46.240002,45.509998,45.709999,4052900,43.596438,17.08,17.15,16.98,17.110001,565700,17.110001
2014-08-25,"off",1,NA,NA,NA,NA,NA,NA,0,76,88,64,0,72,80,64,0,83,92,73,0,87,97,76,6.2,14.45,14.69,14.41,14.63,778200,14.63,45.509998,46.240002,45.509998,45.709999,4052900,43.596438,17.08,17.15,16.98,17.110001,565700,17.110001
2014-08-25,"sale",1,NA,NA,NA,NA,NA,NA,0,76,88,64,0,72,80,64,0,83,92,73,0,87,97,76,6.2,14.45,14.69,14.41,14.63,778200,14.63,45.509998,46.240002,45.509998,45.709999,4052900,43.596438,17.08,17.15,16.98,17.110001,565700,17.110001
2014-08-11,"sale",1,NA,NA,NA,NA,NA,NA,0,79,87,71,0,75,85,65,0,76,84,68,0,86,97,75,6.2,14.49,14.53,14.24,14.26,1716100,14.26,42.549999,42.889999,42.16,42.290001,3390200,40.334575,16.379999,16.440001,16.18,16.360001,1009700,16.360001
2014-08-11,"off",1,NA,NA,NA,NA,NA,NA,0,79,87,71,0,75,85,65,0,76,84,68,0,86,97,75,6.2,14.49,14.53,14.24,14.26,1716100,14.26,42.549999,42.889999,42.16,42.290001,3390200,40.334575,16.379999,16.440001,16.18,16.360001,1009700,16.360001
2014-08-11,"sale",1,NA,NA,NA,NA,NA,NA,0,79,87,71,0,75,85,65,0,76,84,68,0,86,97,75,6.2,14.49,14.53,14.24,14.26,1716100,14.26,42.549999,42.889999,42.16,42.290001,3390200,40.334575,16.379999,16.440001,16.18,16.360001,1009700,16.360001
2014-08-10,"off",1,NA,NA,NA,NA,NA,NA,0,78,88,68,0,76,85,66,0,77,82,71,0,86,94,78,6.2,NA,NA,NA,NA,NA,NA,NA,NA,NA,NA,NA,NA,NA,NA,NA,NA,NA,NA
2014-08-10,"off",1,NA,NA,NA,NA,NA,NA,0,78,88,68,0,76,85,66,0,77,82,71,0,86,94,78,6.2,NA,NA,NA,NA,NA,NA,NA,NA,NA,NA,NA,NA,NA,NA,NA,NA,NA,NA
2014-08-10,"off",1,NA,NA,NA,NA,NA,NA,0,78,88,68,0,76,85,66,0,77,82,71,0,86,94,78,6.2,NA,NA,NA,NA,NA,NA,NA,NA,NA,NA,NA,NA,NA,NA,NA,NA,NA,NA
2014-08-10,"off",1,NA,NA,NA,NA,NA,NA,0,78,88,68,0,76,85,66,0,77,82,71,0,86,94,78,6.2,NA,NA,NA,NA,NA,NA,NA,NA,NA,NA,NA,NA,NA,NA,NA,NA,NA,NA
2014-08-09,"off",1,NA,NA,NA,NA,NA,NA,0,77,87,66,0,75,82,67,0,74,80,68,0,86,94,77,6.2,NA,NA,NA,NA,NA,NA,NA,NA,NA,NA,NA,NA,NA,NA,NA,NA,NA,NA
2014-08-09,"off",1,NA,NA,NA,NA,NA,NA,0,77,87,66,0,75,82,67,0,74,80,68,0,86,94,77,6.2,NA,NA,NA,NA,NA,NA,NA,NA,NA,NA,NA,NA,NA,NA,NA,NA,NA,NA
2014-08-09,"off",1,NA,NA,NA,NA,NA,NA,0,77,87,66,0,75,82,67,0,74,80,68,0,86,94,77,6.2,NA,NA,NA,NA,NA,NA,NA,NA,NA,NA,NA,NA,NA,NA,NA,NA,NA,NA
2014-08-08,"off",1,NA,NA,NA,NA,NA,NA,0,74,83,65,0,74,82,65,0,76,82,70,0,87,97,77,6.2,14.52,14.6,14.25,14.39,1758400,14.39,41.919998,42.75,41.799999,42.57,7965500,40.601628,16.110001,16.389999,16.110001,16.35,655300,16.35
2014-08-07,"off",1,NA,NA,NA,NA,NA,NA,0,74,86,64,0,73,81,64,0,75,81,69,0,87,95,79,6.2,14.93,14.95,14.38,14.47,2024700,14.47,40.490002,40.779999,40.09,40.200001,3294900,38.341214,16.620001,16.700001,16.07,16.1,953700,16.1
2014-08-04,"off",1,NA,NA,NA,NA,NA,NA,0,77,84,70,0,76,87,65,0,78,88,68,0,83,92,73,6.2,16.1,16.110001,15.67,15.88,604100,15.88,40.09,40.459999,40,40.119999,3876900,38.264911,15.89,16.290001,15.72,16.219999,962100,16.219999
2014-08-04,"off",1,NA,NA,NA,NA,NA,NA,0,77,84,70,0,76,87,65,0,78,88,68,0,83,92,73,6.2,16.1,16.110001,15.67,15.88,604100,15.88,40.09,40.459999,40,40.119999,3876900,38.264911,15.89,16.290001,15.72,16.219999,962100,16.219999
2014-08-03,"off",1,NA,NA,NA,NA,NA,NA,0,71,76,66,0,79,85,72,0,77,87,66,0,81,89,72,6.2,NA,NA,NA,NA,NA,NA,NA,NA,NA,NA,NA,NA,NA,NA,NA,NA,NA,NA
2014-08-03,"off",1,NA,NA,NA,NA,NA,NA,0,71,76,66,0,79,85,72,0,77,87,66,0,81,89,72,6.2,NA,NA,NA,NA,NA,NA,NA,NA,NA,NA,NA,NA,NA,NA,NA,NA,NA,NA
2014-08-03,"off",1,NA,NA,NA,NA,NA,NA,0,71,76,66,0,79,85,72,0,77,87,66,0,81,89,72,6.2,NA,NA,NA,NA,NA,NA,NA,NA,NA,NA,NA,NA,NA,NA,NA,NA,NA,NA
2014-07-31,"off",1,NA,NA,NA,NA,NA,NA,0,75,82,68,0,77,87,67,0,74,85,63,0,84,94,73,6.2,15.81,15.84,15.37,15.56,1418000,15.56,40.650002,40.82,40.09,40.110001,3666600,38.255375,16.1,16.23,16,16.059999,612600,16.059999
2014-07-18,"off",1,NA,NA,NA,NA,NA,NA,0,73,81,64,0,72,79,64,0,73,81,64,0,81,87,75,6.2,15.99,16.719999,15.86,16.49,1843500,16.49,39.720001,39.959999,39.369999,39.880001,2456100,38.03601,16.15,16.299999,16.049999,16.24,940000,16.24
2014-07-18,"off",1,NA,NA,NA,NA,NA,NA,0,73,81,64,0,72,79,64,0,73,81,64,0,81,87,75,6.2,15.99,16.719999,15.86,16.49,1843500,16.49,39.720001,39.959999,39.369999,39.880001,2456100,38.03601,16.15,16.299999,16.049999,16.24,940000,16.24
2014-07-18,"off",1,NA,NA,NA,NA,NA,NA,0,73,81,64,0,72,79,64,0,73,81,64,0,81,87,75,6.2,15.99,16.719999,15.86,16.49,1843500,16.49,39.720001,39.959999,39.369999,39.880001,2456100,38.03601,16.15,16.299999,16.049999,16.24,940000,16.24
2014-07-17,"off",1,NA,NA,NA,NA,"sale",1,0,74,81,67,0,73,80,65,0,68,78,58,0,83,89,76,6.2,16.110001,16.16,15.89,15.93,1190600,15.93,39.540001,40.130001,39.490002,39.540001,4323100,37.711731,16.42,16.85,16.110001,16.120001,1250100,16.120001
2014-07-17,"off",1,NA,NA,NA,NA,"sale",1,0,74,81,67,0,73,80,65,0,68,78,58,0,83,89,76,6.2,16.110001,16.16,15.89,15.93,1190600,15.93,39.540001,40.130001,39.490002,39.540001,4323100,37.711731,16.42,16.85,16.110001,16.120001,1250100,16.120001
2014-07-17,"off",1,NA,NA,NA,NA,"sale",1,0,74,81,67,0,73,80,65,0,68,78,58,0,83,89,76,6.2,16.110001,16.16,15.89,15.93,1190600,15.93,39.540001,40.130001,39.490002,39.540001,4323100,37.711731,16.42,16.85,16.110001,16.120001,1250100,16.120001
2014-07-17,"off",1,NA,NA,NA,NA,"sale",1,0,74,81,67,0,73,80,65,0,68,78,58,0,83,89,76,6.2,16.110001,16.16,15.89,15.93,1190600,15.93,39.540001,40.130001,39.490002,39.540001,4323100,37.711731,16.42,16.85,16.110001,16.120001,1250100,16.120001
2014-07-16,"off",1,NA,NA,NA,NA,"sale",1,0,75,81,68,0,74,81,66,0,65,73,56,0,82,90,73,6.2,15.84,16.42,15.41,16.15,1874100,16.15,39.57,39.779999,38.98,39.759998,5546800,37.921556,16.75,16.75,16.4,16.440001,1007700,16.440001
2014-07-16,"off",1,NA,NA,NA,NA,"sale",1,0,75,81,68,0,74,81,66,0,65,73,56,0,82,90,73,6.2,15.84,16.42,15.41,16.15,1874100,16.15,39.57,39.779999,38.98,39.759998,5546800,37.921556,16.75,16.75,16.4,16.440001,1007700,16.440001
2014-07-16,"off",1,NA,NA,NA,NA,"sale",1,0,75,81,68,0,74,81,66,0,65,73,56,0,82,90,73,6.2,15.84,16.42,15.41,16.15,1874100,16.15,39.57,39.779999,38.98,39.759998,5546800,37.921556,16.75,16.75,16.4,16.440001,1007700,16.440001
2014-07-16,"off",1,NA,NA,NA,NA,"sale",1,0,75,81,68,0,74,81,66,0,65,73,56,0,82,90,73,6.2,15.84,16.42,15.41,16.15,1874100,16.15,39.57,39.779999,38.98,39.759998,5546800,37.921556,16.75,16.75,16.4,16.440001,1007700,16.440001
2014-07-14,"off",1,NA,NA,NA,NA,NA,NA,0,78,84,72,0,74,80,68,0,73,81,64,0,86,96,76,6.2,16.209999,16.280001,15.83,15.88,939300,15.88,40.779999,40.799999,40.150002,40.220001,3987500,38.360289,17.01,17.01,16.75,16.790001,748600,16.790001
2014-07-14,"sale",1,NA,NA,NA,NA,NA,NA,0,78,84,72,0,74,80,68,0,73,81,64,0,86,96,76,6.2,16.209999,16.280001,15.83,15.88,939300,15.88,40.779999,40.799999,40.150002,40.220001,3987500,38.360289,17.01,17.01,16.75,16.790001,748600,16.790001
2014-07-13,"off",1,NA,NA,NA,NA,NA,NA,0,78,83,72,0,75,82,67,0,79,86,71,0,87,96,77,6.2,NA,NA,NA,NA,NA,NA,NA,NA,NA,NA,NA,NA,NA,NA,NA,NA,NA,NA
2014-07-13,"off",1,NA,NA,NA,NA,NA,NA,0,78,83,72,0,75,82,67,0,79,86,71,0,87,96,77,6.2,NA,NA,NA,NA,NA,NA,NA,NA,NA,NA,NA,NA,NA,NA,NA,NA,NA,NA
2014-07-13,"off",1,NA,NA,NA,NA,NA,NA,0,78,83,72,0,75,82,67,0,79,86,71,0,87,96,77,6.2,NA,NA,NA,NA,NA,NA,NA,NA,NA,NA,NA,NA,NA,NA,NA,NA,NA,NA
2014-07-12,"off",1,NA,NA,NA,NA,NA,NA,0,78,85,71,0,74,82,65,0,76,81,70,0,84,94,74,6.2,NA,NA,NA,NA,NA,NA,NA,NA,NA,NA,NA,NA,NA,NA,NA,NA,NA,NA
2014-07-12,"off",1,NA,NA,NA,NA,NA,NA,0,78,85,71,0,74,82,65,0,76,81,70,0,84,94,74,6.2,NA,NA,NA,NA,NA,NA,NA,NA,NA,NA,NA,NA,NA,NA,NA,NA,NA,NA
2014-07-12,"off",1,NA,NA,NA,NA,NA,NA,0,78,85,71,0,74,82,65,0,76,81,70,0,84,94,74,6.2,NA,NA,NA,NA,NA,NA,NA,NA,NA,NA,NA,NA,NA,NA,NA,NA,NA,NA
2014-07-11,"off",1,NA,NA,NA,NA,NA,NA,0,79,86,71,0,73,80,65,0,73,83,63,0,83,94,72,6.2,15.98,16.129999,15.9,16.07,914200,16.07,40.400002,40.93,40.279999,40.650002,3899500,38.770407,16.860001,17,16.790001,16.860001,810200,16.860001
2014-07-11,"off",1,NA,NA,NA,NA,NA,NA,0,79,86,71,0,73,80,65,0,73,83,63,0,83,94,72,6.2,15.98,16.129999,15.9,16.07,914200,16.07,40.400002,40.93,40.279999,40.650002,3899500,38.770407,16.860001,17,16.790001,16.860001,810200,16.860001
2014-07-10,"off",1,NA,NA,NA,NA,NA,NA,0,78,83,72,0,76,85,66,0,71,78,63,0,83,93,73,6.2,16.120001,16.25,15.95,16.040001,1624800,16.040001,40.860001,41.209999,40.66,40.970001,3587600,39.075611,16.870001,17.01,16.629999,16.879999,922400,16.879999
2016-04-20,NA,NA,"off",1,NA,NA,"off",1,0,59,69,49,0,74,87,60,0,64,73,54,0,71,78,63,NA,19.700001,19.879999,19.26,19.5,2072300,19.5,24.030001,24.379999,23.940001,24.059999,4508700,24.059999,9.33,9.74,9.13,9.64,2458000,9.64
2016-04-20,NA,NA,"off",1,NA,NA,"off",1,0,59,69,49,0,74,87,60,0,64,73,54,0,71,78,63,NA,19.700001,19.879999,19.26,19.5,2072300,19.5,24.030001,24.379999,23.940001,24.059999,4508700,24.059999,9.33,9.74,9.13,9.64,2458000,9.64
2016-04-19,NA,NA,"sale",1,NA,NA,"off",1,0,64,73,55,0,76,89,62,0,55,61,48,0,72,79,65,NA,20,20.32,19.68,19.719999,2121200,19.719999,24,24.110001,23.67,23.959999,5054900,23.959999,9.53,9.69,9.33,9.34,2136700,9.34
2016-04-19,NA,NA,"sale",1,NA,NA,"off",1,0,64,73,55,0,76,89,62,0,55,61,48,0,72,79,65,NA,20,20.32,19.68,19.719999,2121200,19.719999,24,24.110001,23.67,23.959999,5054900,23.959999,9.53,9.69,9.33,9.34,2136700,9.34
2016-04-18,NA,NA,"off",1,NA,NA,NA,NA,0,67,82,51,0,74,89,59,0,68,83,53,0,67,70,64,NA,19.389999,20.23,19.309999,20.01,2089700,20.01,23.77,23.940001,23.4,23.879999,3623900,23.879999,9.42,9.58,9.37,9.51,1031900,9.51
2016-04-05,NA,NA,"off",1,NA,NA,"off",1,0,35,43,26,0,71,85,56,0,38,47,29,0,66,81,50,NA,20.809999,21.040001,20.68,20.68,1265500,20.68,29.35,29.450001,28.68,28.690001,5401200,28.690001,10.51,10.54,10.2,10.26,1718400,10.26
2016-04-05,NA,NA,"off",1,NA,NA,"off",1,0,35,43,26,0,71,85,56,0,38,47,29,0,66,81,50,NA,20.809999,21.040001,20.68,20.68,1265500,20.68,29.35,29.450001,28.68,28.690001,5401200,28.690001,10.51,10.54,10.2,10.26,1718400,10.26
2016-03-17,NA,NA,"off",1,NA,NA,NA,NA,0,54,63,45,0,70,81,59,0,51,58,43,0,71,80,62,5,20.709999,21.18,20.459999,21.09,2166900,21.09,29.34,29.959999,29.24,29.9,4223500,29.666564,10.14,10.55,9.88,10.44,4002300,10.44
2016-02-23,NA,NA,"off",1,NA,NA,NA,NA,0,38,40,35,0,69,83,55,0,39,46,31,0,61,73,48,4.9,17,17.49,16.950001,17,2789200,17,27.02,27.52,26.809999,27.26,4402500,27.047176,7.9,8,7.68,7.95,2769200,7.95
2015-12-28,NA,NA,"sale",1,NA,NA,NA,NA,0,40,46,34,0,48,58,37,1,37,42,32,0,46,51,40,5,17.360001,17.51,17.110001,17.450001,1129400,17.450001,25.25,25.379999,24.889999,25.1,3331400,24.67214,10.06,10.21,9.86,10.01,2666700,10.01
2015-12-18,NA,NA,"off",1,NA,NA,NA,NA,0,48,57,38,0,60,72,47,1,30,33,26,0,51,61,40,5,17.16,17.48,17.1,17.4,2038900,17.4,25.110001,25.110001,24.549999,24.950001,12765100,24.524698,9.71,10.08,9.62,9.95,6218600,9.95
2015-12-03,NA,NA,"sale",1,NA,NA,NA,NA,0,50,55,44,0,66,76,56,0,34,37,31,0,51,62,40,5,18.33,18.34,15.72,16.33,9616000,16.33,26.370001,26.41,25.49,26.110001,8749100,25.664924,11.96,11.96,10.35,10.57,8446200,10.57
2015-10-20,NA,NA,"off",1,NA,NA,NA,NA,0,59,70,48,0,71,80,62,0,66,77,55,0,68,77,58,5,18.91,19.34,18.799999,19.059999,1539100,19.059999,26.870001,27.389999,26.75,27.15,3915100,26.687195,13.13,13.39,13.11,13.27,1831700,13.27
2015-10-20,NA,NA,"off",1,NA,NA,NA,NA,0,59,70,48,0,71,80,62,0,66,77,55,0,68,77,58,5,18.91,19.34,18.799999,19.059999,1539100,19.059999,26.870001,27.389999,26.75,27.15,3915100,26.687195,13.13,13.39,13.11,13.27,1831700,13.27
2015-09-16,NA,NA,"off",1,"off",1,NA,NA,0,78,86,71,0,72,78,66,0,73,84,61,0,82,91,73,5.1,18.940001,19.57,18.85,19.540001,1917300,19.540001,31.780001,32.07,31.74,32,6264200,31.195774,11.84,13.5,11.27,13.38,13303400,13.38
2015-07-27,NA,NA,"off",1,NA,NA,NA,NA,0,79,86,71,0,75,82,67,0,81,90,71,0,89,98,80,5.3,17.700001,18.190001,17.549999,18.049999,901600,18.049999,35.880001,36.349998,35.669998,36.220001,5948900,35.309718,12.41,12.6,12.32,12.5,3159100,12.5
2015-07-06,NA,NA,"sale",1,NA,NA,NA,NA,0,78,83,72,0,70,75,64,0,80,88,71,0,86,92,80,5.3,18.190001,18.459999,18.030001,18.120001,1254000,18.120001,38.380001,38.93,38.130001,38.540001,2472000,37.571411,16.4,16.719999,16.27,16.59,5944900,16.59
2015-07-01,NA,NA,"sale",1,NA,NA,NA,NA,0,76,82,69,0,76,84,67,0,63,68,58,0,80,89,71,5.3,18.200001,18.559999,18.129999,18.389999,964800,18.389999,38.369999,38.450001,38,38.450001,2794100,37.26044,16.780001,16.82,16.469999,16.57,2609700,16.57
2015-07-01,NA,NA,"off",1,NA,NA,NA,NA,0,76,82,69,0,76,84,67,0,63,68,58,0,80,89,71,5.3,18.200001,18.559999,18.129999,18.389999,964800,18.389999,38.369999,38.450001,38,38.450001,2794100,37.26044,16.780001,16.82,16.469999,16.57,2609700,16.57
2015-04-10,NA,NA,"off",1,NA,NA,NA,NA,0,48,56,39,0,63,71,54,0,54,65,42,0,68,74,61,5.4,16.690001,17.049999,16.51,16.950001,1542100,16.950001,42,42.150002,41.009998,41.139999,6085200,39.867216,14.45,14.56,14.3,14.51,721300,14.51
2015-02-26,NA,NA,"off",1,NA,NA,NA,NA,0,27,32,21,0,61,70,51,1,15,22,7,0,43,55,31,5.5,13.61,13.65,13.49,13.59,772500,13.59,40.349998,40.509998,40.009998,40.369999,6025400,38.909424,12.93,13.11,12.81,13.03,1343300,13.03
2015-02-16,NA,NA,"off",1,NA,NA,NA,NA,0,12,21,3,0,63,70,56,0,14,19,8,0,53,68,37,5.5,NA,NA,NA,NA,NA,NA,NA,NA,NA,NA,NA,NA,NA,NA,NA,NA,NA,NA
2015-12-09,NA,NA,NA,NA,"off",1,"off",1,0,48,55,40,0,65,75,55,0,49,55,43,0,62,75,49,5,17,17.57,16.91,17.120001,2455800,17.120001,26.309999,27.309999,26.280001,26.51,6808000,26.058105,10.34,10.67,10.21,10.27,3634200,10.27
2015-12-09,NA,NA,NA,NA,"off",1,"off",1,0,48,55,40,0,65,75,55,0,49,55,43,0,62,75,49,5,17,17.57,16.91,17.120001,2455800,17.120001,26.309999,27.309999,26.280001,26.51,6808000,26.058105,10.34,10.67,10.21,10.27,3634200,10.27
2015-12-09,NA,NA,NA,NA,"off",1,"off",1,0,48,55,40,0,65,75,55,0,49,55,43,0,62,75,49,5,17,17.57,16.91,17.120001,2455800,17.120001,26.309999,27.309999,26.280001,26.51,6808000,26.058105,10.34,10.67,10.21,10.27,3634200,10.27
2015-12-09,NA,NA,NA,NA,"off",1,"off",1,0,48,55,40,0,65,75,55,0,49,55,43,0,62,75,49,5,17,17.57,16.91,17.120001,2455800,17.120001,26.309999,27.309999,26.280001,26.51,6808000,26.058105,10.34,10.67,10.21,10.27,3634200,10.27
2015-12-08,NA,NA,NA,NA,"off",1,NA,NA,0,45,49,41,0,69,83,54,0,45,49,40,0,57,72,42,5,16.99,17.200001,16.76,17.08,1884100,17.08,26.07,26.620001,25.969999,26.49,6081200,26.038446,10.49,10.52,10.25,10.41,3044600,10.41
2015-10-07,NA,NA,NA,NA,"off",1,NA,NA,0,66,73,58,0,74,84,64,0,65,73,56,0,79,91,66,5,18.200001,18.57,18.049999,18.469999,1605200,18.469999,29.18,29.190001,28.120001,28.389999,5360300,27.906057,13.57,14.22,13.57,14.19,6174400,14.19
2015-08-14,NA,NA,NA,NA,"off",1,"off",1,0,76,90,62,0,80,91,68,0,81,90,71,0,89,100,77,5.1,18.57,18.73,18.41,18.459999,1089500,18.459999,34.349998,34.549999,34.07,34.23,3931900,33.369729,12.39,12.52,12.33,12.36,1299000,12.36
2015-06-06,NA,NA,NA,NA,"off",1,NA,NA,0,68,76,60,0,65,72,58,0,64,73,54,0,83,93,72,5.3,NA,NA,NA,NA,NA,NA,NA,NA,NA,NA,NA,NA,NA,NA,NA,NA,NA,NA
2015-05-13,NA,NA,NA,NA,"off",1,NA,NA,0,62,70,53,0,64,69,58,0,49,53,45,0,75,81,68,5.5,17.280001,17.42,17.01,17.309999,1211700,17.309999,38.330002,38.700001,38.220001,38.57,4015700,37.376727,14.72,14.81,14.5,14.58,1280300,14.58
2015-05-01,NA,NA,NA,NA,"off",1,NA,NA,0,56,63,49,0,71,84,57,0,53,65,40,0,71,84,57,5.5,16.34,16.9,16.299999,16.700001,814500,16.700001,39.799999,40.259998,39.73,40.16,2256100,38.917536,15.05,15.25,14.99,15.23,847300,15.23
2015-03-31,NA,NA,NA,NA,"off",1,NA,NA,0,41,47,35,0,65,73,57,0,49,57,41,0,74,83,64,5.5,16.719999,16.76,16.48,16.530001,1367500,16.530001,43.099998,43.900002,42.950001,43.330002,2724800,41.762334,14.39,14.63,14.32,14.51,1403100,14.51
2015-02-23,NA,NA,NA,NA,"off",1,NA,NA,0,23,38,8,0,58,65,50,0,8,15,0,0,40,46,34,5.5,14.22,14.22,13.7,13.86,1315800,13.86,41.16,41.259998,40.220001,40.299999,5800400,38.841956,13.08,13.16,12.96,13.05,1544400,13.05
2015-01-23,NA,NA,NA,NA,"off",1,NA,NA,0,32,39,26,0,63,75,50,0,32,34,30,0,42,44,39,5.7,12.53,12.85,12.4,12.64,3107500,12.64,42.119999,42.490002,42.09,42.200001,2238300,40.673216,10.95,11.28,10.9,11.23,1880900,11.23
2015-01-01,NA,NA,NA,NA,"off",1,NA,NA,0,33,39,27,0,48,59,37,0,25,32,17,0,44,47,41,5.7,NA,NA,NA,NA,NA,NA,NA,NA,NA,NA,NA,NA,NA,NA,NA,NA,NA,NA
2014-12-16,NA,NA,NA,NA,"off",1,NA,NA,0,44,49,38,0,57,60,54,1,40,47,32,0,57,66,48,5.6,13.57,13.88,13.53,13.63,996100,13.63,40.43,40.73,39.900002,39.91,3262200,38.265057,11.88,12.19,11.85,11.94,1523700,11.94
2014-12-10,NA,NA,NA,NA,"off",1,NA,NA,1,36,40,32,0,63,73,53,1,34,36,31,0,56,69,42,5.6,13.17,13.39,12.91,12.94,635400,12.94,40,40.650002,39.139999,39.220001,4014000,37.603497,12.17,12.23,11.77,11.81,1411700,11.81
2014-09-23,NA,NA,NA,NA,"off",1,NA,NA,0,62,71,52,0,74,84,63,0,63,76,50,0,74,84,64,6,16.26,16.34,15.81,15.96,1081500,15.96,42.900002,43.25,42.459999,42.740002,3265000,40.763769,14.21,14.64,13.6,13.75,9012300,13.75
2014-08-18,NA,NA,NA,NA,"off",1,NA,NA,0,71,82,60,0,76,86,65,0,76,85,67,0,86,96,76,6.2,14.07,14.22,14.02,14.1,673500,14.1,42.23,42.23,42,42.040001,2486900,40.096135,15.84,16.030001,15.8,15.98,759000,15.98
2014-08-17,NA,NA,NA,NA,"off",1,NA,NA,0,74,82,66,0,78,89,66,0,69,72,66,0,88,97,78,6.2,NA,NA,NA,NA,NA,NA,NA,NA,NA,NA,NA,NA,NA,NA,NA,NA,NA,NA
2014-06-20,NA,NA,NA,NA,"sale",1,NA,NA,0,72,79,64,0,70,80,60,0,76,86,66,0,83,92,74,6.1,16.65,16.700001,16.43,16.540001,1889600,16.540001,41.689999,41.970001,41.5,41.68,2897000,39.544549,17.280001,17.280001,16.84,16.91,1600500,16.91
2014-06-13,NA,NA,NA,NA,"sale",1,NA,NA,0,72,79,65,0,67,73,60,0,66,75,57,0,85,92,77,6.1,16.5,16.75,16,16.450001,12111100,16.450001,40.66,41.119999,40.650002,41.099998,1702700,38.994264,16.879999,17.1,16.799999,16.99,657100,16.99
2014-06-12,NA,NA,NA,NA,"sale",1,NA,NA,0,67,73,60,0,68,74,61,0,73,82,63,0,84,94,74,6.1,13.81,13.83,13.52,13.55,1186100,13.55,40.740002,40.919998,40.540001,40.740002,1804700,38.652711,16.92,16.969999,16.74,16.790001,944700,16.790001
2014-06-03,NA,NA,NA,NA,"off",1,NA,NA,0,76,87,65,0,69,79,58,0,76,82,70,0,81,88,73,6.1,12.89,13.52,12.79,13.51,5392200,13.51,41.419998,41.419998,40.650002,40.720001,3390300,38.633735,16.459999,16.67,16.389999,16.4,2522500,16.4
2014-02-19,NA,NA,NA,NA,"off",1,NA,NA,0,34,44,24,0,60,66,54,0,39,45,32,0,71,79,62,6.7,17.77,17.98,17.690001,17.690001,852400,17.690001,42.200001,42.540001,42.049999,42.189999,4202000,39.815555,18.639999,18.85,18.610001,18.690001,426300,18.690001
2014-02-17,NA,NA,NA,NA,"off",1,NA,NA,0,26,34,18,0,61,71,50,1,26,29,22,0,72,79,65,6.7,NA,NA,NA,NA,NA,NA,NA,NA,NA,NA,NA,NA,NA,NA,NA,NA,NA,NA
2013-09-25,NA,NA,NA,NA,"off",1,NA,NA,0,64,72,55,0,70,77,62,0,64,71,56,0,81,95,66,7.3,23.74,24.02,23.370001,23.559999,826400,23.559999,41.07,41.130001,40.330002,40.5,3619800,37.835575,19.700001,20.280001,19.530001,20.059999,14528600,20.059999
2016-04-17,NA,NA,NA,NA,NA,NA,"off",1,0,60,75,44,0,74,89,58,0,66,80,51,0,71,76,65,NA,NA,NA,NA,NA,NA,NA,NA,NA,NA,NA,NA,NA,NA,NA,NA,NA,NA,NA
2016-04-17,NA,NA,NA,NA,NA,NA,"sale",1,0,60,75,44,0,74,89,58,0,66,80,51,0,71,76,65,NA,NA,NA,NA,NA,NA,NA,NA,NA,NA,NA,NA,NA,NA,NA,NA,NA,NA,NA
2016-04-17,NA,NA,NA,NA,NA,NA,"sale",1,0,60,75,44,0,74,89,58,0,66,80,51,0,71,76,65,NA,NA,NA,NA,NA,NA,NA,NA,NA,NA,NA,NA,NA,NA,NA,NA,NA,NA,NA
2016-04-17,NA,NA,NA,NA,NA,NA,"off",1,0,60,75,44,0,74,89,58,0,66,80,51,0,71,76,65,NA,NA,NA,NA,NA,NA,NA,NA,NA,NA,NA,NA,NA,NA,NA,NA,NA,NA,NA
2016-04-16,NA,NA,NA,NA,NA,NA,"off",1,0,56,68,43,0,70,82,58,0,63,77,48,0,69,79,59,NA,NA,NA,NA,NA,NA,NA,NA,NA,NA,NA,NA,NA,NA,NA,NA,NA,NA,NA
2016-04-16,NA,NA,NA,NA,NA,NA,"off",1,0,56,68,43,0,70,82,58,0,63,77,48,0,69,79,59,NA,NA,NA,NA,NA,NA,NA,NA,NA,NA,NA,NA,NA,NA,NA,NA,NA,NA,NA
2016-04-15,NA,NA,NA,NA,NA,NA,"off",1,0,54,65,42,0,70,81,59,0,57,69,45,0,69,79,58,NA,19.440001,19.68,19.190001,19.540001,2086700,19.540001,23.74,24.040001,23.58,23.91,4915500,23.91,9.28,9.63,9.28,9.49,1878600,9.49
2016-04-15,NA,NA,NA,NA,NA,NA,"sale",1,0,54,65,42,0,70,81,59,0,57,69,45,0,69,79,58,NA,19.440001,19.68,19.190001,19.540001,2086700,19.540001,23.74,24.040001,23.58,23.91,4915500,23.91,9.28,9.63,9.28,9.49,1878600,9.49
2016-04-15,NA,NA,NA,NA,NA,NA,"sale",1,0,54,65,42,0,70,81,59,0,57,69,45,0,69,79,58,NA,19.440001,19.68,19.190001,19.540001,2086700,19.540001,23.74,24.040001,23.58,23.91,4915500,23.91,9.28,9.63,9.28,9.49,1878600,9.49
2016-04-15,NA,NA,NA,NA,NA,NA,"off",1,0,54,65,42,0,70,81,59,0,57,69,45,0,69,79,58,NA,19.440001,19.68,19.190001,19.540001,2086700,19.540001,23.74,24.040001,23.58,23.91,4915500,23.91,9.28,9.63,9.28,9.49,1878600,9.49
2016-04-14,NA,NA,NA,NA,NA,NA,"off",1,0,53,62,43,0,65,72,57,0,51,61,40,0,68,76,60,NA,20.110001,20.129999,19.43,19.5,1745800,19.5,23.719999,23.889999,23.469999,23.709999,3951100,23.709999,9.58,9.62,9.3,9.41,1633400,9.41
2016-04-14,NA,NA,NA,NA,NA,NA,"off",1,0,53,62,43,0,65,72,57,0,51,61,40,0,68,76,60,NA,20.110001,20.129999,19.43,19.5,1745800,19.5,23.719999,23.889999,23.469999,23.709999,3951100,23.709999,9.58,9.62,9.3,9.41,1633400,9.41
2016-04-09,NA,NA,NA,NA,NA,NA,"off",1,0,40,43,36,0,62,64,60,1,31,37,24,0,66,78,54,NA,NA,NA,NA,NA,NA,NA,NA,NA,NA,NA,NA,NA,NA,NA,NA,NA,NA,NA
2016-03-29,NA,NA,NA,NA,NA,NA,"off",1,0,47,53,40,0,56,64,48,0,48,60,35,0,65,71,59,5,20.799999,21.26,20.77,21.139999,1866700,21.139999,29.08,29.59,28.879999,29.51,4454100,29.27961,10.27,10.71,10.15,10.67,2246400,10.67
2016-03-29,NA,NA,NA,NA,NA,NA,"sale",1,0,47,53,40,0,56,64,48,0,48,60,35,0,65,71,59,5,20.799999,21.26,20.77,21.139999,1866700,21.139999,29.08,29.59,28.879999,29.51,4454100,29.27961,10.27,10.71,10.15,10.67,2246400,10.67
2016-03-28,NA,NA,NA,NA,NA,NA,"off",1,0,52,62,42,0,60,66,54,0,46,53,39,0,62,75,49,5,20.68,20.940001,20.65,20.77,1064400,20.77,28.940001,29.33,28.860001,29.030001,3341700,28.803358,10.46,10.52,10.13,10.27,1464400,10.27
2016-03-28,NA,NA,NA,NA,NA,NA,"sale",1,0,52,62,42,0,60,66,54,0,46,53,39,0,62,75,49,5,20.68,20.940001,20.65,20.77,1064400,20.77,28.940001,29.33,28.860001,29.030001,3341700,28.803358,10.46,10.52,10.13,10.27,1464400,10.27
2016-03-28,NA,NA,NA,NA,NA,NA,"sale",1,0,52,62,42,0,60,66,54,0,46,53,39,0,62,75,49,5,20.68,20.940001,20.65,20.77,1064400,20.77,28.940001,29.33,28.860001,29.030001,3341700,28.803358,10.46,10.52,10.13,10.27,1464400,10.27
2016-03-28,NA,NA,NA,NA,NA,NA,"off",1,0,52,62,42,0,60,66,54,0,46,53,39,0,62,75,49,5,20.68,20.940001,20.65,20.77,1064400,20.77,28.940001,29.33,28.860001,29.030001,3341700,28.803358,10.46,10.52,10.13,10.27,1464400,10.27
2016-03-25,NA,NA,NA,NA,NA,NA,"off",1,0,58,72,44,0,66,78,54,0,38,45,31,0,56,70,42,5,NA,NA,NA,NA,NA,NA,NA,NA,NA,NA,NA,NA,NA,NA,NA,NA,NA,NA
2016-03-23,NA,NA,NA,NA,NA,NA,"off",1,0,60,71,48,0,65,77,52,0,43,47,39,0,70,76,63,5,21,21.08,20.690001,20.790001,2547400,20.790001,29.17,29.17,28.65,28.719999,4047000,28.495777,10.56,10.56,10.09,10.12,1764900,10.12
2016-03-16,NA,NA,NA,NA,NA,NA,"off",1,0,54,69,43,0,72,87,57,0,53,59,47,0,71,78,63,5,20.629999,20.92,20.42,20.68,2880100,20.68,28.75,29.360001,28.65,29.280001,5996600,29.051406,10.19,10.33,9.82,10.14,5763700,10.14
2016-03-13,NA,NA,NA,NA,NA,NA,"off",1,0,56,62,50,0,61,68,53,0,47,50,43,0,69,82,56,5,NA,NA,NA,NA,NA,NA,NA,NA,NA,NA,NA,NA,NA,NA,NA,NA,NA,NA
2016-03-11,NA,NA,NA,NA,NA,NA,"off",1,0,56,66,46,0,61,69,52,0,45,53,37,0,69,74,63,5,20.57,21.040001,20.299999,20.85,4261500,20.85,30.040001,30.23,29.65,30.17,4674500,29.934457,10.49,10.75,10.32,10.7,3353000,10.7
2016-03-10,NA,NA,NA,NA,NA,NA,"off",1,0,71,79,63,0,66,77,54,0,47,53,41,0,70,76,63,5,19.690001,20.469999,19.690001,20.450001,6201900,20.450001,29.92,30.25,29.139999,29.59,6023700,29.358985,10.3,10.59,10.15,10.41,3758800,10.41
2016-03-10,NA,NA,NA,NA,NA,NA,"off",1,0,71,79,63,0,66,77,54,0,47,53,41,0,70,76,63,5,19.690001,20.469999,19.690001,20.450001,6201900,20.450001,29.92,30.25,29.139999,29.59,6023700,29.358985,10.3,10.59,10.15,10.41,3758800,10.41
2016-03-08,NA,NA,NA,NA,NA,NA,"off",1,0,54,64,44,0,61,72,49,0,66,73,58,0,70,72,67,5,18.950001,19.48,18.809999,19.040001,4479500,19.040001,29.780001,30.309999,29.59,29.68,10332100,29.448283,9.81,10.41,9.81,10.14,6183000,10.14
2016-02-29,NA,NA,NA,NA,NA,NA,"sale",1,0,54,61,47,0,65,74,56,0,43,55,30,0,67,78,55,4.9,17.190001,17.58,17.139999,17.23,1863500,17.23,27.309999,27.91,27.15,27.65,6488700,27.434131,8.34,8.67,8.3,8.45,4730400,8.45
2016-02-19,NA,NA,NA,NA,NA,NA,"off",1,0,32,39,24,0,60,69,51,0,54,65,42,0,72,81,63,4.9,16.74,17.27,16.549999,16.889999,1843800,16.889999,25.75,26.450001,25.16,26.24,6610500,26.035139,7.71,7.85,7.49,7.76,3214600,7.76
2016-02-19,NA,NA,NA,NA,NA,NA,"sale",1,0,32,39,24,0,60,69,51,0,54,65,42,0,72,81,63,4.9,16.74,17.27,16.549999,16.889999,1843800,16.889999,25.75,26.450001,25.16,26.24,6610500,26.035139,7.71,7.85,7.49,7.76,3214600,7.76
2016-02-19,NA,NA,NA,NA,NA,NA,"off",1,0,32,39,24,0,60,69,51,0,54,65,42,0,72,81,63,4.9,16.74,17.27,16.549999,16.889999,1843800,16.889999,25.75,26.450001,25.16,26.24,6610500,26.035139,7.71,7.85,7.49,7.76,3214600,7.76
2016-01-19,NA,NA,NA,NA,NA,NA,"sale",1,0,22,28,16,0,59,64,54,0,10,18,2,0,54,68,39,4.9,16.58,16.67,16.059999,16.32,1226200,16.32,23.1,23.35,22.379999,22.700001,5368200,22.522777,8.13,8.27,7.72,7.78,5276000,7.78
2016-01-15,NA,NA,NA,NA,NA,NA,"off",1,0,43,51,34,0,58,65,50,1,38,43,32,0,59,72,45,4.9,15.76,16.6,15.76,16.459999,1954000,16.459999,22.620001,23.709999,22.620001,23.26,8099000,23.078405,7.95,8.11,7.88,8.06,5758200,8.06
2015-12-14,NA,NA,NA,NA,NA,NA,"off",1,0,60,67,53,0,53,59,47,0,53,62,43,0,61,72,49,5,17.16,17.459999,17.049999,17.219999,1612700,17.219999,26.200001,26.780001,25.530001,25.73,6093200,25.2914,9.97,10.17,9.86,9.94,2952000,9.94
2015-12-12,NA,NA,NA,NA,NA,NA,"off",1,0,61,66,55,0,60,68,51,0,56,60,51,0,74,77,71,5,NA,NA,NA,NA,NA,NA,NA,NA,NA,NA,NA,NA,NA,NA,NA,NA,NA,NA
2015-12-10,NA,NA,NA,NA,NA,NA,"off",1,0,56,60,51,0,60,68,52,0,52,60,43,0,65,78,51,5,17.459999,17.76,17.25,17.459999,2027700,17.459999,26.77,27.049999,26.379999,26.440001,4505700,25.989299,10.2,10.38,10.15,10.23,3175900,10.23
2015-11-17,NA,NA,NA,NA,NA,NA,"sale",1,0,46,52,40,0,59,72,45,0,56,63,49,0,65,78,52,5,17.120001,17.48,16.690001,16.889999,2029700,16.889999,25.459999,25.5,24.700001,25.049999,6403900,24.622992,10.37,10.46,10.05,10.13,3530100,10.13
2015-11-17,NA,NA,NA,NA,NA,NA,"off",1,0,46,52,40,0,59,72,45,0,56,63,49,0,65,78,52,5,17.120001,17.48,16.690001,16.889999,2029700,16.889999,25.459999,25.5,24.700001,25.049999,6403900,24.622992,10.37,10.46,10.05,10.13,3530100,10.13
2015-11-16,NA,NA,NA,NA,NA,NA,"off",1,0,59,67,51,0,57,63,50,0,53,58,48,0,71,80,61,5,17.01,17.209999,16.610001,17.17,1815600,17.17,25,25.540001,24.77,25.379999,6115800,24.947366,10.62,10.78,10.02,10.44,4058100,10.44
2015-11-13,NA,NA,NA,NA,NA,NA,"off",1,0,52,58,46,0,66,82,50,0,42,48,36,0,59,67,51,5,17.58,17.700001,17.07,17.1,2562300,17.1,26.190001,26.200001,25.08,25.23,8127300,24.799924,10.98,11.1,10.51,10.63,4795000,10.63
2015-11-12,NA,NA,NA,NA,NA,NA,"off",1,0,56,61,51,0,64,77,51,0,51,58,44,0,66,74,57,5,17.99,18.35,17.959999,17.99,1683900,17.99,26.51,26.940001,26.32,26.52,5272500,26.067935,11.46,11.55,11.12,11.28,3497900,11.28
2015-11-12,NA,NA,NA,NA,NA,NA,"sale",1,0,56,61,51,0,64,77,51,0,51,58,44,0,66,74,57,5,17.99,18.35,17.959999,17.99,1683900,17.99,26.51,26.940001,26.32,26.52,5272500,26.067935,11.46,11.55,11.12,11.28,3497900,11.28
2015-10-23,NA,NA,NA,NA,NA,NA,"off",1,0,55,65,45,0,71,80,62,0,60,66,54,0,81,85,76,5,19.32,19.34,17.870001,18.59,2539700,18.59,27.42,27.5,26.709999,26.950001,5670100,26.490605,13.1,13.26,12.34,12.5,4277200,12.5
2015-10-23,NA,NA,NA,NA,NA,NA,"off",1,0,55,65,45,0,71,80,62,0,60,66,54,0,81,85,76,5,19.32,19.34,17.870001,18.59,2539700,18.59,27.42,27.5,26.709999,26.950001,5670100,26.490605,13.1,13.26,12.34,12.5,4277200,12.5
2015-10-23,NA,NA,NA,NA,NA,NA,"off",1,0,55,65,45,0,71,80,62,0,60,66,54,0,81,85,76,5,19.32,19.34,17.870001,18.59,2539700,18.59,27.42,27.5,26.709999,26.950001,5670100,26.490605,13.1,13.26,12.34,12.5,4277200,12.5
2015-10-23,NA,NA,NA,NA,NA,NA,"sale",1,0,55,65,45,0,71,80,62,0,60,66,54,0,81,85,76,5,19.32,19.34,17.870001,18.59,2539700,18.59,27.42,27.5,26.709999,26.950001,5670100,26.490605,13.1,13.26,12.34,12.5,4277200,12.5
2015-10-21,NA,NA,NA,NA,NA,NA,"off",1,0,67,76,57,0,69,77,63,0,68,77,59,0,76,85,67,5,19.1,19.32,18.940001,18.959999,1918000,18.959999,27.23,27.5,26.889999,26.98,3579200,26.520093,13.33,13.38,12.94,12.95,1505800,12.95
2015-09-19,NA,NA,NA,NA,NA,NA,"off",1,0,76,83,68,0,80,92,67,0,64,71,57,0,80,91,68,5.1,NA,NA,NA,NA,NA,NA,NA,NA,NA,NA,NA,NA,NA,NA,NA,NA,NA,NA
2015-08-15,NA,NA,NA,NA,NA,NA,"off",1,0,81,93,69,0,84,96,71,0,80,90,70,0,86,99,73,5.1,NA,NA,NA,NA,NA,NA,NA,NA,NA,NA,NA,NA,NA,NA,NA,NA,NA,NA
2015-08-13,NA,NA,NA,NA,NA,NA,"off",1,0,75,84,66,0,80,91,68,0,67,77,66,0,88,99,77,5.1,19.08,19.1,18.719999,18.790001,814600,18.790001,35.049999,35.07,34.130001,34.25,7046700,33.389227,12.36,12.67,12.19,12.37,3574500,12.37
2015-08-12,NA,NA,NA,NA,NA,NA,"off",1,0,75,87,66,0,74,85,63,0,68,75,60,0,87,99,74,5.1,18.639999,19.1,18.540001,19.1,2250100,19.1,35.200001,35.209999,34.59,35.099998,4021400,34.217863,12.64,12.64,12.13,12.35,4045600,12.35
2015-08-12,NA,NA,NA,NA,NA,NA,"sale",1,0,75,87,66,0,74,85,63,0,68,75,60,0,87,99,74,5.1,18.639999,19.1,18.540001,19.1,2250100,19.1,35.200001,35.209999,34.59,35.099998,4021400,34.217863,12.64,12.64,12.13,12.35,4045600,12.35
2015-08-04,NA,NA,NA,NA,NA,NA,"off",1,0,79,89,69,0,78,88,67,0,74,84,64,0,87,98,75,5.1,19.09,19.51,19.09,19.43,1700200,19.43,35.860001,36,35.110001,35.16,5354200,34.276357,12.05,12.28,12.02,12.14,3432400,12.14
2015-07-31,NA,NA,NA,NA,NA,NA,"off",1,0,81,89,72,0,76,84,67,0,80,90,70,0,89,99,78,5.3,18.93,19.17,18.809999,19.040001,1395700,19.040001,36.110001,36.740002,35.740002,36.48,7757300,35.563182,12.24,12.63,12.15,12.52,4250800,12.52
2015-07-31,NA,NA,NA,NA,NA,NA,"off",1,0,81,89,72,0,76,84,67,0,80,90,70,0,89,99,78,5.3,18.93,19.17,18.809999,19.040001,1395700,19.040001,36.110001,36.740002,35.740002,36.48,7757300,35.563182,12.24,12.63,12.15,12.52,4250800,12.52
2015-07-29,NA,NA,NA,NA,NA,NA,"off",1,0,84,95,75,0,74,82,65,0,82,90,74,0,88,100,75,5.3,18.280001,18.35,18.18,18.27,1099600,18.27,35.880001,36.299999,35.830002,36.200001,2074300,35.29022,12.46,12.61,12.33,12.48,2827700,12.48
2015-07-28,NA,NA,NA,NA,NA,NA,"sale",1,0,85,95,75,0,76,85,66,0,84,94,74,0,88,100,76,5.3,18.09,18.35,17.68,18.25,845600,18.25,36.32,36.43,35.580002,36.009998,3800500,35.104993,12.58,12.65,12.23,12.48,3671200,12.48
2015-07-28,NA,NA,NA,NA,NA,NA,"off",1,0,85,95,75,0,76,85,66,0,84,94,74,0,88,100,76,5.3,18.09,18.35,17.68,18.25,845600,18.25,36.32,36.43,35.580002,36.009998,3800500,35.104993,12.58,12.65,12.23,12.48,3671200,12.48
2015-07-21,NA,NA,NA,NA,NA,NA,"off",1,0,82,89,74,0,75,80,70,0,76,82,70,0,86,95,76,5.3,18.4,18.68,18.26,18.43,1005000,18.43,37.619999,37.669998,36.68,36.93,4447300,36.001873,13.4,13.54,13.1,13.27,4008400,13.27
2015-07-21,NA,NA,NA,NA,NA,NA,"sale",1,0,82,89,74,0,75,80,70,0,76,82,70,0,86,95,76,5.3,18.4,18.68,18.26,18.43,1005000,18.43,37.619999,37.669998,36.68,36.93,4447300,36.001873,13.4,13.54,13.1,13.27,4008400,13.27
2015-07-13,NA,NA,NA,NA,NA,NA,"off",1,0,81,88,73,0,74,84,64,0,79,88,70,0,86,96,76,5.3,18.58,18.83,18.5,18.73,1414100,18.73,37.93,38.009998,37.490002,37.709999,2988300,36.762269,14.3,14.4,13.8,14.28,15659600,14.28
2015-07-13,NA,NA,NA,NA,NA,NA,"sale",1,0,81,88,73,0,74,84,64,0,79,88,70,0,86,96,76,5.3,18.58,18.83,18.5,18.73,1414100,18.73,37.93,38.009998,37.490002,37.709999,2988300,36.762269,14.3,14.4,13.8,14.28,15659600,14.28
2015-07-13,NA,NA,NA,NA,NA,NA,"off",1,0,81,88,73,0,74,84,64,0,79,88,70,0,86,96,76,5.3,18.58,18.83,18.5,18.73,1414100,18.73,37.93,38.009998,37.490002,37.709999,2988300,36.762269,14.3,14.4,13.8,14.28,15659600,14.28
2015-07-13,NA,NA,NA,NA,NA,NA,"sale",1,0,81,88,73,0,74,84,64,0,79,88,70,0,86,96,76,5.3,18.58,18.83,18.5,18.73,1414100,18.73,37.93,38.009998,37.490002,37.709999,2988300,36.762269,14.3,14.4,13.8,14.28,15659600,14.28
2015-07-13,NA,NA,NA,NA,NA,NA,"off",1,0,81,88,73,0,74,84,64,0,79,88,70,0,86,96,76,5.3,18.58,18.83,18.5,18.73,1414100,18.73,37.93,38.009998,37.490002,37.709999,2988300,36.762269,14.3,14.4,13.8,14.28,15659600,14.28
2015-06-19,NA,NA,NA,NA,NA,NA,"off",1,0,78,87,68,0,70,82,58,0,63,68,57,0,83,90,76,5.3,18.440001,18.76,18.360001,18.620001,1007600,18.620001,38.869999,38.970001,38.68,38.82,3530900,37.618992,16.799999,16.92,16.73,16.879999,2681400,16.879999
2015-06-18,NA,NA,NA,NA,NA,NA,"off",1,0,68,71,64,0,72,81,62,0,71,82,59,0,81,86,76,5.3,18.469999,18.610001,18.389999,18.42,831300,18.42,38.560001,39,38.549999,38.98,2756800,37.774042,16.709999,17,16.65,16.75,3101600,16.75
2015-06-08,NA,NA,NA,NA,NA,NA,"off",1,0,71,79,63,0,73,85,60,0,75,86,63,0,83,93,72,5.3,18.700001,18.879999,18.59,18.65,1664800,18.65,38.200001,38.389999,37.950001,37.950001,2119000,36.775909,15.62,15.84,15.48,15.53,2826200,15.53
2015-05-20,NA,NA,NA,NA,NA,NA,"off",1,0,61,67,54,0,65,72,57,0,47,51,43,0,81,89,73,5.5,17,17.139999,16.780001,17.040001,1556200,17.040001,38.650002,38.799999,38.419998,38.669998,4657500,37.473632,14.93,15.07,14.59,14.85,3585200,14.85
2015-05-17,NA,NA,NA,NA,NA,NA,"off",1,0,74,83,64,0,65,72,58,0,77,84,69,0,78,85,71,5.5,NA,NA,NA,NA,NA,NA,NA,NA,NA,NA,NA,NA,NA,NA,NA,NA,NA,NA
2015-05-17,NA,NA,NA,NA,NA,NA,"off",1,0,74,83,64,0,65,72,58,0,77,84,69,0,78,85,71,5.5,NA,NA,NA,NA,NA,NA,NA,NA,NA,NA,NA,NA,NA,NA,NA,NA,NA,NA
2015-05-16,NA,NA,NA,NA,NA,NA,"off",1,0,66,75,57,0,62,70,55,0,75,82,67,0,81,89,73,5.5,NA,NA,NA,NA,NA,NA,NA,NA,NA,NA,NA,NA,NA,NA,NA,NA,NA,NA
2015-05-16,NA,NA,NA,NA,NA,NA,"off",1,0,66,75,57,0,62,70,55,0,75,82,67,0,81,89,73,5.5,NA,NA,NA,NA,NA,NA,NA,NA,NA,NA,NA,NA,NA,NA,NA,NA,NA,NA
2015-05-16,NA,NA,NA,NA,NA,NA,"off",1,0,66,75,57,0,62,70,55,0,75,82,67,0,81,89,73,5.5,NA,NA,NA,NA,NA,NA,NA,NA,NA,NA,NA,NA,NA,NA,NA,NA,NA,NA
2015-04-02,NA,NA,NA,NA,NA,NA,"off",1,0,54,67,41,0,65,75,54,0,59,68,50,0,77,84,69,5.4,16.66,16.98,16.530001,16.610001,1174100,16.610001,42.639999,42.779999,42.169998,42.52,2541400,40.981639,14.22,14.46,14.18,14.26,1117900,14.26
2015-03-24,NA,NA,NA,NA,NA,NA,"off",1,0,36,45,26,0,67,75,58,0,33,40,25,0,67,80,53,5.5,16.67,16.950001,16.65,16.719999,901000,16.719999,43.23,43.740002,43.130001,43.200001,4745800,41.637037,14.21,14.27,14.06,14.13,901300,14.13
2015-03-24,NA,NA,NA,NA,NA,NA,"off",1,0,36,45,26,0,67,75,58,0,33,40,25,0,67,80,53,5.5,16.67,16.950001,16.65,16.719999,901000,16.719999,43.23,43.740002,43.130001,43.200001,4745800,41.637037,14.21,14.27,14.06,14.13,901300,14.13
2015-02-01,NA,NA,NA,NA,NA,NA,"sale",1,1,28,36,20,0,63,76,49,1,27,33,21,0,63,77,48,5.5,NA,NA,NA,NA,NA,NA,NA,NA,NA,NA,NA,NA,NA,NA,NA,NA,NA,NA
2015-01-11,NA,NA,NA,NA,NA,NA,"off",1,0,28,37,18,0,60,63,56,1,30,34,25,0,44,49,39,5.7,NA,NA,NA,NA,NA,NA,NA,NA,NA,NA,NA,NA,NA,NA,NA,NA,NA,NA
2015-01-03,NA,NA,NA,NA,NA,NA,"off",1,1,38,42,33,0,52,63,40,1,34,37,31,0,47,53,41,5.7,NA,NA,NA,NA,NA,NA,NA,NA,NA,NA,NA,NA,NA,NA,NA,NA,NA,NA
2015-01-03,NA,NA,NA,NA,NA,NA,"sale",1,1,38,42,33,0,52,63,40,1,34,37,31,0,47,53,41,5.7,NA,NA,NA,NA,NA,NA,NA,NA,NA,NA,NA,NA,NA,NA,NA,NA,NA,NA
2014-12-30,NA,NA,NA,NA,NA,NA,"off",1,0,30,33,25,0,52,56,47,0,19,24,13,0,46,53,38,5.6,14.81,14.94,14.71,14.87,439600,14.87,41.889999,42,41.709999,41.950001,2246900,40.220976,12.48,12.7,12.39,12.61,1276400,12.61
2014-12-30,NA,NA,NA,NA,NA,NA,"sale",1,0,30,33,25,0,52,56,47,0,19,24,13,0,46,53,38,5.6,14.81,14.94,14.71,14.87,439600,14.87,41.889999,42,41.709999,41.950001,2246900,40.220976,12.48,12.7,12.39,12.61,1276400,12.61
2014-12-29,NA,NA,NA,NA,NA,NA,"off",1,0,39,44,34,0,52,63,41,0,30,35,24,0,44,48,39,5.6,14.97,15.06,14.8,14.89,605800,14.89,41.459999,42.049999,41.43,41.880001,2968500,40.153862,12.31,12.63,12.28,12.47,1748300,12.47
2014-12-06,NA,NA,NA,NA,NA,NA,"off",1,0,42,46,39,0,63,71,55,0,39,43,34,0,65,71,58,5.6,NA,NA,NA,NA,NA,NA,NA,NA,NA,NA,NA,NA,NA,NA,NA,NA,NA,NA
2014-11-13,NA,NA,NA,NA,NA,NA,"sale",1,0,42,48,36,0,63,70,55,1,29,31,26,0,41,45,36,5.8,15.02,15.07,14.49,14.63,710800,14.63,39.23,39.400002,38.869999,39.240002,3782000,37.622673,12.57,12.62,12.26,12.52,1450600,12.52
2014-11-12,NA,NA,NA,NA,NA,NA,"off",1,0,56,65,47,0,64,70,58,1,30,33,27,0,51,58,43,5.8,14.47,15.1,14.42,15.02,524900,15.02,38.849998,39.290001,38.669998,39.189999,3213300,37.574731,12.39,12.6,12.37,12.54,1571600,12.54
2014-11-12,NA,NA,NA,NA,NA,NA,"sale",1,0,56,65,47,0,64,70,58,1,30,33,27,0,51,58,43,5.8,14.47,15.1,14.42,15.02,524900,15.02,38.849998,39.290001,38.669998,39.189999,3213300,37.574731,12.39,12.6,12.37,12.54,1571600,12.54
2014-11-12,NA,NA,NA,NA,NA,NA,"off",1,0,56,65,47,0,64,70,58,1,30,33,27,0,51,58,43,5.8,14.47,15.1,14.42,15.02,524900,15.02,38.849998,39.290001,38.669998,39.189999,3213300,37.574731,12.39,12.6,12.37,12.54,1571600,12.54
2014-11-12,NA,NA,NA,NA,NA,NA,"sale",1,0,56,65,47,0,64,70,58,1,30,33,27,0,51,58,43,5.8,14.47,15.1,14.42,15.02,524900,15.02,38.849998,39.290001,38.669998,39.189999,3213300,37.574731,12.39,12.6,12.37,12.54,1571600,12.54
2014-11-12,NA,NA,NA,NA,NA,NA,"off",1,0,56,65,47,0,64,70,58,1,30,33,27,0,51,58,43,5.8,14.47,15.1,14.42,15.02,524900,15.02,38.849998,39.290001,38.669998,39.189999,3213300,37.574731,12.39,12.6,12.37,12.54,1571600,12.54
2014-11-12,NA,NA,NA,NA,NA,NA,"sale",1,0,56,65,47,0,64,70,58,1,30,33,27,0,51,58,43,5.8,14.47,15.1,14.42,15.02,524900,15.02,38.849998,39.290001,38.669998,39.189999,3213300,37.574731,12.39,12.6,12.37,12.54,1571600,12.54
2014-11-11,NA,NA,NA,NA,NA,NA,"sale",1,0,57,64,49,0,66,69,62,0,47,61,33,0,60,71,49,5.8,14.47,14.63,14.34,14.42,384100,14.42,38.580002,38.93,38.529999,38.82,2265600,37.219982,12.23,12.44,12.21,12.38,909600,12.38
2014-10-23,NA,NA,NA,NA,NA,NA,"off",1,0,52,53,50,0,73,85,60,0,52,62,41,0,69,80,58,5.7,14.48,14.65,14.27,14.52,1118200,14.52,37.029999,37.560001,36.970001,37.139999,5693200,35.609226,12.04,12.26,12.03,12.22,1590900,12.22
2014-10-03,NA,NA,NA,NA,NA,NA,"off",1,0,64,71,56,0,83,98,67,0,57,68,46,0,74,84,63,5.7,15.37,15.57,15.15,15.22,771400,15.22,42.150002,42.41,41.91,42,5745800,40.057984,13.15,13.15,13,13.03,2043900,13.03
2014-10-03,NA,NA,NA,NA,NA,NA,"sale",1,0,64,71,56,0,83,98,67,0,57,68,46,0,74,84,63,5.7,15.37,15.57,15.15,15.22,771400,15.22,42.150002,42.41,41.91,42,5745800,40.057984,13.15,13.15,13,13.03,2043900,13.03
2014-10-01,NA,NA,NA,NA,NA,NA,"sale",1,0,63,65,61,0,73,82,64,0,63,73,52,0,83,93,72,5.7,15.52,15.58,15,15.06,814000,15.06,41.630001,41.900002,41.34,41.509998,3588000,39.590639,13.25,13.3,12.95,12.96,2024200,12.96
2014-10-01,NA,NA,NA,NA,NA,NA,"off",1,0,63,65,61,0,73,82,64,0,63,73,52,0,83,93,72,5.7,15.52,15.58,15,15.06,814000,15.06,41.630001,41.900002,41.34,41.509998,3588000,39.590639,13.25,13.3,12.95,12.96,2024200,12.96
2014-09-30,NA,NA,NA,NA,NA,NA,"off",1,0,67,71,62,0,75,85,64,0,56,61,51,0,80,89,71,6,15.87,15.92,15.41,15.61,1031400,15.61,41.98,41.98,41.529999,41.689999,2305600,39.762316,13.57,13.6,13.27,13.3,1384900,13.3
2014-09-29,NA,NA,NA,NA,NA,NA,"off",1,0,73,79,67,0,70,78,61,0,71,84,57,0,80,89,70,6,15.83,16.07,15.77,15.87,514800,15.87,42.130001,42.360001,41.740002,42.029999,4470600,40.086595,13.52,13.73,13.39,13.6,2741100,13.6
2014-09-29,NA,NA,NA,NA,NA,NA,"off",1,0,73,79,67,0,70,78,61,0,71,84,57,0,80,89,70,6,15.83,16.07,15.77,15.87,514800,15.87,42.130001,42.360001,41.740002,42.029999,4470600,40.086595,13.52,13.73,13.39,13.6,2741100,13.6
2014-09-29,NA,NA,NA,NA,NA,NA,"off",1,0,73,79,67,0,70,78,61,0,71,84,57,0,80,89,70,6,15.83,16.07,15.77,15.87,514800,15.87,42.130001,42.360001,41.740002,42.029999,4470600,40.086595,13.52,13.73,13.39,13.6,2741100,13.6
2014-09-29,NA,NA,NA,NA,NA,NA,"off",1,0,73,79,67,0,70,78,61,0,71,84,57,0,80,89,70,6,15.83,16.07,15.77,15.87,514800,15.87,42.130001,42.360001,41.740002,42.029999,4470600,40.086595,13.52,13.73,13.39,13.6,2741100,13.6
2014-09-13,NA,NA,NA,NA,NA,NA,"off",1,0,64,69,58,0,82,94,69,0,51,60,42,0,72,77,67,6,NA,NA,NA,NA,NA,NA,NA,NA,NA,NA,NA,NA,NA,NA,NA,NA,NA,NA
2014-09-13,NA,NA,NA,NA,NA,NA,"sale",1,0,64,69,58,0,82,94,69,0,51,60,42,0,72,77,67,6,NA,NA,NA,NA,NA,NA,NA,NA,NA,NA,NA,NA,NA,NA,NA,NA,NA,NA
2014-09-13,NA,NA,NA,NA,NA,NA,"off",1,0,64,69,58,0,82,94,69,0,51,60,42,0,72,77,67,6,NA,NA,NA,NA,NA,NA,NA,NA,NA,NA,NA,NA,NA,NA,NA,NA,NA,NA
2014-09-13,NA,NA,NA,NA,NA,NA,"off",1,0,64,69,58,0,82,94,69,0,51,60,42,0,72,77,67,6,NA,NA,NA,NA,NA,NA,NA,NA,NA,NA,NA,NA,NA,NA,NA,NA,NA,NA
2014-09-13,NA,NA,NA,NA,NA,NA,"off",1,0,64,69,58,0,82,94,69,0,51,60,42,0,72,77,67,6,NA,NA,NA,NA,NA,NA,NA,NA,NA,NA,NA,NA,NA,NA,NA,NA,NA,NA
2014-09-13,NA,NA,NA,NA,NA,NA,"off",1,0,64,69,58,0,82,94,69,0,51,60,42,0,72,77,67,6,NA,NA,NA,NA,NA,NA,NA,NA,NA,NA,NA,NA,NA,NA,NA,NA,NA,NA
2014-09-04,NA,NA,NA,NA,NA,NA,"off",1,0,78,87,69,0,73,80,66,0,80,87,73,0,85,93,76,6,17.07,17.18,16.92,17.09,756600,17.09,46.139999,46.849998,46.139999,46.59,3965400,44.435749,17.459999,17.610001,17.200001,17.200001,1548200,17.200001
2014-09-04,NA,NA,NA,NA,NA,NA,"sale",1,0,78,87,69,0,73,80,66,0,80,87,73,0,85,93,76,6,17.07,17.18,16.92,17.09,756600,17.09,46.139999,46.849998,46.139999,46.59,3965400,44.435749,17.459999,17.610001,17.200001,17.200001,1548200,17.200001
2014-09-04,NA,NA,NA,NA,NA,NA,"sale",1,0,78,87,69,0,73,80,66,0,80,87,73,0,85,93,76,6,17.07,17.18,16.92,17.09,756600,17.09,46.139999,46.849998,46.139999,46.59,3965400,44.435749,17.459999,17.610001,17.200001,17.200001,1548200,17.200001
2014-09-04,NA,NA,NA,NA,NA,NA,"off",1,0,78,87,69,0,73,80,66,0,80,87,73,0,85,93,76,6,17.07,17.18,16.92,17.09,756600,17.09,46.139999,46.849998,46.139999,46.59,3965400,44.435749,17.459999,17.610001,17.200001,17.200001,1548200,17.200001
2014-09-04,NA,NA,NA,NA,NA,NA,"sale",1,0,78,87,69,0,73,80,66,0,80,87,73,0,85,93,76,6,17.07,17.18,16.92,17.09,756600,17.09,46.139999,46.849998,46.139999,46.59,3965400,44.435749,17.459999,17.610001,17.200001,17.200001,1548200,17.200001
2014-09-03,NA,NA,NA,NA,NA,NA,"off",1,0,79,86,72,0,75,83,67,0,76,85,67,0,84,93,75,6,17.309999,17.34,16.93,17,826100,17,46.369999,46.759998,46.25,46.32,3016100,44.178233,17.57,17.610001,17.440001,17.459999,681800,17.459999
2014-08-15,NA,NA,NA,NA,NA,NA,"off",1,0,67,73,61,0,76,89,63,0,67,79,55,0,86,96,75,6.2,14.28,14.28,13.95,13.97,1095300,13.97,42.209999,42.41,41.630001,41.91,2574500,39.972145,15.9,15.93,15.63,15.77,711000,15.77
2014-08-15,NA,NA,NA,NA,NA,NA,"sale",1,0,67,73,61,0,76,89,63,0,67,79,55,0,86,96,75,6.2,14.28,14.28,13.95,13.97,1095300,13.97,42.209999,42.41,41.630001,41.91,2574500,39.972145,15.9,15.93,15.63,15.77,711000,15.77
2014-08-15,NA,NA,NA,NA,NA,NA,"off",1,0,67,73,61,0,76,89,63,0,67,79,55,0,86,96,75,6.2,14.28,14.28,13.95,13.97,1095300,13.97,42.209999,42.41,41.630001,41.91,2574500,39.972145,15.9,15.93,15.63,15.77,711000,15.77
2014-08-15,NA,NA,NA,NA,NA,NA,"sale",1,0,67,73,61,0,76,89,63,0,67,79,55,0,86,96,75,6.2,14.28,14.28,13.95,13.97,1095300,13.97,42.209999,42.41,41.630001,41.91,2574500,39.972145,15.9,15.93,15.63,15.77,711000,15.77
2014-08-14,NA,NA,NA,NA,NA,NA,"sale",1,0,70,77,63,0,74,83,65,0,67,73,61,0,83,93,73,6.2,14.24,14.28,14.1,14.16,878500,14.16,42.150002,42.209999,41.740002,42.139999,2741100,40.19151,15.81,15.92,15.74,15.84,808300,15.84
2014-07-15,NA,NA,NA,NA,NA,NA,"sale",1,0,79,86,72,0,76,82,69,0,64,71,57,0,82,89,75,6.2,15.91,16.049999,15.57,15.82,1307900,15.82,40.220001,40.259998,39.619999,39.669998,4038800,37.835718,16.85,16.85,16.639999,16.700001,894300,16.700001
2014-06-19,NA,NA,NA,NA,NA,NA,"off",1,0,73,77,68,0,68,76,59,0,71,82,60,0,84,92,75,6.1,16.950001,16.950001,16.620001,16.629999,2356000,16.629999,41.919998,41.990002,41.41,41.59,2731000,39.45916,17.280001,17.41,17.120001,17.25,1520800,17.25
2014-06-19,NA,NA,NA,NA,NA,NA,"off",1,0,73,77,68,0,68,76,59,0,71,82,60,0,84,92,75,6.1,16.950001,16.950001,16.620001,16.629999,2356000,16.629999,41.919998,41.990002,41.41,41.59,2731000,39.45916,17.280001,17.41,17.120001,17.25,1520800,17.25
2014-06-19,NA,NA,NA,NA,NA,NA,"sale",1,0,73,77,68,0,68,76,59,0,71,82,60,0,84,92,75,6.1,16.950001,16.950001,16.620001,16.629999,2356000,16.629999,41.919998,41.990002,41.41,41.59,2731000,39.45916,17.280001,17.41,17.120001,17.25,1520800,17.25
2014-06-19,NA,NA,NA,NA,NA,NA,"off",1,0,73,77,68,0,68,76,59,0,71,82,60,0,84,92,75,6.1,16.950001,16.950001,16.620001,16.629999,2356000,16.629999,41.919998,41.990002,41.41,41.59,2731000,39.45916,17.280001,17.41,17.120001,17.25,1520800,17.25
2014-05-18,NA,NA,NA,NA,NA,NA,"off",1,0,59,67,51,0,69,75,63,0,59,70,48,0,74,85,63,6.2,NA,NA,NA,NA,NA,NA,NA,NA,NA,NA,NA,NA,NA,NA,NA,NA,NA,NA
2014-05-17,NA,NA,NA,NA,NA,NA,"off",1,0,62,70,53,0,74,85,63,0,51,61,41,0,75,86,63,6.2,NA,NA,NA,NA,NA,NA,NA,NA,NA,NA,NA,NA,NA,NA,NA,NA,NA,NA
2014-05-16,NA,NA,NA,NA,NA,NA,"off",1,0,63,68,58,0,82,95,68,0,43,45,41,0,74,85,62,6.2,14.23,14.63,14.2,14.63,717800,14.63,40.799999,41.52,40.669998,41.439999,3437500,39.316844,17.450001,17.77,17.27,17.76,610700,17.76
2014-05-13,NA,NA,NA,NA,NA,NA,"off",1,0,63,73,53,0,80,94,65,0,62,70,54,0,68,75,60,6.2,14.95,15.18,14.9,14.93,998000,14.93,40.98,41.68,40.919998,41.25,4222700,39.13658,17.860001,18.139999,17.799999,18.01,1225600,18.01
2014-05-12,NA,NA,NA,NA,NA,NA,"off",1,0,75,85,64,0,75,90,59,0,76,86,65,0,76,85,67,6.2,14.72,15,14.72,14.91,863500,14.91,40.650002,41.099998,40.639999,41.07,4459700,38.965802,17.33,17.91,17.25,17.870001,1594900,17.870001
2014-05-06,NA,NA,NA,NA,NA,NA,"off",1,0,61,71,51,0,62,68,56,0,54,63,45,0,77,85,68,6.2,14.23,14.26,13.97,13.97,1576500,13.97,39.630001,39.84,39.200001,39.32,5307200,37.305462,16.9,16.9,16.440001,16.709999,1924000,16.709999
2014-04-21,NA,NA,NA,NA,NA,NA,"off",1,0,54,67,41,0,67,76,57,0,69,78,59,0,72,82,61,6.2,14.7,14.76,14.22,14.55,3462000,14.55,38.580002,38.880001,38.32,38.450001,3614300,36.480037,16.790001,16.99,16.67,16.9,996500,16.9
2014-04-20,NA,NA,NA,NA,NA,NA,"off",1,0,53,60,45,0,67,75,59,0,63,78,47,0,69,80,58,6.2,NA,NA,NA,NA,NA,NA,NA,NA,NA,NA,NA,NA,NA,NA,NA,NA,NA,NA
