"date","fog","rain","snow","snow_fall","mtd_snow","since_jul_snow","snow_depth","hail","thunder","tornado","mean_temp","mean_dewp","mean_pressure","mean_wind_spd","mean_wind_dir","mean_visib","humid","max_temp","min_temp","max_humid","min_humid","max_dew_pt","min_dew_pt","max_pressure","min_pressure","max_wind_spd","min_wind_spd","max_vis","min_vis","gdegree","heating_days","cooling_days","precip","precip_source","heating_day_normal","mtd_heating_degree","mtd_heating_degree_normal","since_sep_heating","since_sep_heating_normal","since_jul_heating","since_jul_heating_normal","cooling_degree_normal","mtd_cooling_day","mtd_cooling_day_normal","since_sep_cooling","since_sep_cooling_normal","since_jan_cooling","since_jan_cooling_normal"
2015-04-20 12:00:00,0,1,0,0,NA,NA,NA,0,0,0,50,42,29.4,17,254,8,NA,56,43,94,44,54,30,29.64,29.23,29,6,10,2,0,15,0,NA,"",13,198,335,NA,NA,5746,5658,1,0,2,NA,NA,0,3
2015-04-21 12:00:00,0,0,0,0,NA,NA,NA,0,0,0,50,27,29.65,18,262,10,NA,58,41,71,14,35,21,29.72,29.61,36,7,10,10,0,15,0,0,"",13,213,348,NA,NA,5761,5671,1,0,3,NA,NA,0,4
2015-04-22 12:00:00,0,0,0,0,NA,NA,NA,0,0,0,43,23,29.82,14,286,10,NA,49,37,65,25,27,19,29.91,29.7,22,6,10,8,0,22,0,NA,"",13,235,361,NA,NA,5783,5684,1,0,4,NA,NA,0,5
2015-04-23 12:00:00,0,0,0,0,NA,NA,NA,0,0,0,45,23,30.02,8,312,10,NA,56,34,64,10,29,15,30.07,29.93,20,0,10,10,0,20,0,0,"",12,255,373,NA,NA,5803,5696,1,0,5,NA,NA,0,6
2015-04-24 12:00:00,0,1,0,0,NA,NA,NA,0,0,0,48,26,30.02,8,75,10,NA,60,35,87,10,40,12,30.11,29.9,22,0,10,7,0,17,0,0.29,"",12,272,385,NA,NA,5820,5708,1,0,6,NA,NA,0,7
2015-04-25 12:00:00,0,1,0,0,NA,NA,NA,0,0,0,45,39,29.81,14,61,9,NA,49,40,89,58,43,32,29.88,29.73,25,8,10,3,0,20,0,0.34,"",12,292,397,NA,NA,5840,5720,1,0,7,NA,NA,0,8
2015-04-26 12:00:00,0,0,0,0,NA,NA,NA,0,0,0,48,28,30,12,17,10,NA,57,39,73,21,33,23,30.05,29.88,24,6,10,10,0,17,0,0,"",11,309,408,NA,NA,5857,5731,1,0,8,NA,NA,0,9
2015-04-27 12:00:00,0,0,0,0,NA,NA,NA,0,0,0,50,33,30.11,13,17,10,NA,56,43,68,34,36,31,30.14,30.04,23,4,10,10,0,15,0,0,"",11,324,419,NA,NA,5872,5742,1,0,9,NA,NA,0,10
2015-04-28 12:00:00,0,0,0,0,NA,NA,NA,0,0,0,49,34,30.1,5,28,10,NA,60,38,80,31,37,32,30.19,30,16,0,10,10,0,16,0,0,"",10,340,429,NA,NA,5888,5752,1,0,10,NA,NA,0,11
2015-04-29 12:00:00,0,1,0,0,NA,NA,NA,0,0,0,53,36,29.94,8,15,10,NA,64,42,74,24,37,34,29.99,29.9,17,0,10,10,3,12,0,NA,"",10,352,439,NA,NA,5900,5762,1,0,11,NA,NA,0,12
2015-04-30 12:00:00,0,0,0,0,NA,NA,NA,0,0,0,47,35,30.01,13,12,10,NA,52,42,74,45,37,32,30.12,29.9,24,0,10,10,0,18,0,0,"",10,370,449,NA,NA,5918,5771,1,0,12,NA,NA,0,13
2015-05-01 12:00:00,0,0,0,0,NA,NA,NA,0,0,0,53,39,30.13,6,36,10,NA,65,40,86,28,42,35,30.19,30.09,12,0,10,10,2,12,0,0,"",10,12,10,NA,NA,5930,5781,1,0,1,NA,NA,0,14
2015-05-02 12:00:00,0,0,0,0,NA,NA,NA,0,0,0,66,37,30.02,7,215,10,NA,79,53,62,12,42,34,30.1,29.94,16,0,10,10,16,0,1,0,"",9,12,19,NA,NA,5930,5790,1,1,2,NA,NA,1,15
2015-05-03 12:00:00,0,1,0,0,NA,NA,NA,0,0,0,71,47,29.94,11,191,10,NA,82,60,87,17,61,40,29.98,29.88,24,6,10,9,21,0,6,0.2,"",9,12,28,NA,NA,5930,5799,1,7,3,NA,NA,7,16
2015-05-04 12:00:00,0,1,0,0,NA,NA,NA,0,1,0,66,53,30.05,9,165,10,NA,74,57,75,36,59,33,30.18,29.89,20,0,10,10,15,0,1,NA,"",9,12,37,NA,NA,5930,5808,1,8,4,NA,NA,8,17
2015-05-05 12:00:00,0,1,0,0,NA,NA,NA,0,1,0,56,50,30.2,9,27,5,NA,60,51,97,39,54,35,30.23,30.16,17,4,10,1,6,9,0,0.79,"",8,21,45,NA,NA,5939,5816,1,8,5,NA,NA,8,18
2015-05-06 12:00:00,1,0,0,0,NA,NA,NA,0,0,0,67,54,30.14,6,79,4,NA,82,51,100,50,62,49,30.2,30.06,14,0,10,0,16,0,2,0,"",8,21,53,NA,NA,5939,5824,1,10,6,NA,NA,10,19
2015-05-07 12:00:00,0,0,0,0,NA,NA,NA,0,0,0,72,54,29.98,10,179,10,NA,87,57,81,20,61,48,30.06,29.88,25,0,10,10,22,0,7,0,"",8,21,61,NA,NA,5939,5832,1,17,7,NA,NA,17,20
2015-05-08 12:00:00,0,1,0,0,NA,NA,NA,0,1,0,75,63,29.93,9,197,9,NA,84,66,94,43,65,61,29.98,29.89,25,5,10,2,24,0,10,0.28,"",8,21,69,NA,NA,5939,5840,1,27,8,NA,NA,27,21
2015-05-09 12:00:00,0,1,0,0,NA,NA,NA,0,0,0,58,53,30.04,9,22,6,NA,67,49,96,70,65,45,30.1,29.93,21,0,10,1,7,7,0,0.38,"",8,28,77,NA,NA,5946,5848,1,27,9,NA,NA,27,22
2015-05-10 12:00:00,0,1,0,0,NA,NA,NA,0,0,0,53,47,30.03,8,14,5,NA,58,47,97,75,50,45,30.07,29.97,14,5,10,1,2,12,0,0.16,"",7,40,84,NA,NA,5958,5855,1,27,10,NA,NA,27,23
2015-05-11 12:00:00,0,1,0,0,NA,NA,NA,0,0,0,61,55,29.85,13,208,9,NA,71,50,93,46,63,39,29.96,29.77,28,0,10,4,10,4,0,0.14,"",7,44,91,NA,NA,5962,5862,1,27,11,NA,NA,27,24
2015-05-12 12:00:00,0,1,0,0,NA,NA,NA,0,0,0,53,38,30.08,16,276,10,NA,58,47,66,38,41,34,30.32,29.91,28,6,10,10,4,12,0,NA,"",7,56,98,NA,NA,5974,5869,2,27,13,NA,NA,27,26
2015-05-13 12:00:00,0,0,0,0,NA,NA,NA,0,0,0,49,35,30.44,10,27,10,NA,53,45,74,40,37,34,30.52,30.33,17,5,10,10,0,16,0,0,"",7,72,105,NA,NA,5990,5876,2,27,15,NA,NA,27,28
2015-05-14 12:00:00,0,1,0,0,NA,NA,NA,0,0,0,58,44,30.24,10,128,10,NA,69,46,78,34,53,34,30.4,30.03,20,6,10,8,7,7,0,0.13,"",6,79,111,NA,NA,5997,5882,2,27,17,NA,NA,27,30
2015-05-15 12:00:00,0,1,0,0,NA,NA,NA,0,0,0,70,59,29.97,10,215,9,NA,79,60,87,48,65,54,30.03,29.93,17,0,10,2,20,0,5,0.03,"",6,79,117,NA,NA,5997,5888,2,32,19,NA,NA,32,32
2015-05-16 12:00:00,0,1,0,0,NA,NA,NA,0,0,0,75,65,29.98,9,183,10,NA,82,67,87,56,68,61,30.03,29.95,16,4,10,8,24,0,10,NA,"",6,79,123,NA,NA,5997,5894,2,42,21,NA,NA,42,34
2015-05-17 12:00:00,0,0,0,0,NA,NA,NA,0,0,0,77,66,29.92,14,173,8,NA,84,69,93,49,69,62,29.99,29.82,26,7,10,2,26,0,12,NA,"",6,79,129,NA,NA,5997,5900,2,54,23,NA,NA,54,36
2015-05-18 12:00:00,0,0,0,0,NA,NA,NA,0,0,0,66,55,29.99,15,245,10,NA,81,51,87,26,65,37,30.13,29.93,25,7,10,10,16,0,1,0,"",6,79,135,NA,NA,5997,5906,2,55,25,NA,NA,55,38
2015-05-19 12:00:00,0,0,0,0,NA,NA,NA,0,0,0,49,36,30.21,11,333,10,NA,54,44,71,50,39,30,30.26,30.14,17,8,10,10,0,16,0,0,"",5,95,140,NA,NA,6013,5911,2,55,27,NA,NA,55,40
2015-05-20 12:00:00,0,1,0,0,NA,NA,NA,0,0,0,47,32,30.21,9,28,10,NA,51,43,80,28,39,24,30.27,30.14,18,0,10,10,0,18,0,0.02,"",5,113,145,NA,NA,6031,5916,2,55,29,NA,NA,55,42
2015-05-21 12:00:00,0,1,0,0,NA,NA,NA,0,0,0,59,38,30.07,9,275,10,NA,70,47,74,17,42,34,30.13,30.01,18,4,10,10,8,6,0,NA,"",5,119,150,NA,NA,6037,5921,2,55,31,NA,NA,55,44
2015-05-22 12:00:00,0,0,0,0,NA,NA,NA,0,0,0,59,37,30.19,9,64,10,NA,68,50,74,15,44,24,30.29,30.02,17,4,10,10,9,6,0,0,"",5,125,155,NA,NA,6043,5926,2,55,33,NA,NA,55,46
2015-05-23 12:00:00,0,0,0,0,NA,NA,NA,0,0,0,68,40,30.26,7,151,10,NA,83,53,55,14,45,33,30.35,30.17,15,0,10,10,18,0,3,0,"",5,125,160,NA,NA,6043,5931,3,58,36,NA,NA,58,49
2015-05-24 12:00:00,0,1,0,0,NA,NA,NA,0,0,0,69,56,30.05,7,123,10,NA,76,62,90,37,65,45,30.17,29.89,18,0,10,5,19,0,4,0.44,"",4,125,164,NA,NA,6043,5935,3,62,39,NA,NA,62,52
2015-05-25 12:00:00,0,1,0,0,NA,NA,NA,0,0,0,75,63,29.87,14,203,10,NA,81,68,90,46,67,60,29.95,29.83,28,5,10,7,24,0,10,0.06,"",4,125,168,NA,NA,6043,5939,3,72,42,NA,NA,72,55
2015-05-26 12:00:00,0,1,0,0,NA,NA,NA,0,0,0,73,65,29.84,13,191,9,NA,77,69,90,58,68,60,29.94,29.74,31,8,10,1,23,0,8,0.42,"",4,125,172,NA,NA,6043,5943,3,80,45,NA,NA,80,58
2015-05-27 12:00:00,0,1,0,0,NA,NA,NA,0,0,0,71,59,29.96,12,245,10,NA,77,64,84,43,63,54,30.12,29.82,24,0,10,6,20,0,6,0.06,"",4,125,176,NA,NA,6043,5947,3,86,48,NA,NA,86,61
2015-05-28 12:00:00,0,0,0,0,NA,NA,NA,0,0,0,72,56,30.13,7,117,10,NA,84,60,83,30,58,53,30.19,30.03,16,0,10,10,22,0,7,0,"",3,125,179,NA,NA,6043,5950,3,93,51,NA,NA,93,64
2015-05-29 12:00:00,0,1,0,0,NA,NA,NA,0,0,0,78,65,29.96,11,196,10,NA,84,71,84,47,69,58,30.03,29.87,18,6,10,4,26,0,13,0.18,"",3,125,182,NA,NA,6043,5953,3,106,54,NA,NA,106,67
2015-05-30 12:00:00,0,1,0,0,NA,NA,NA,0,0,0,59,55,30.01,14,344,7,NA,73,45,94,76,67,42,30.12,29.91,28,4,10,2,10,6,0,0.79,"",3,131,185,NA,NA,6049,5956,3,106,57,NA,NA,106,70
2015-05-31 12:00:00,0,1,0,0,NA,NA,NA,0,0,0,51,42,30.16,15,17,7,NA,57,44,93,43,45,39,30.23,30.09,22,8,10,2,0,14,0,0.05,"",3,145,188,NA,NA,6063,5959,4,106,61,NA,NA,106,74
2015-06-01 12:00:00,0,0,0,0,NA,NA,NA,0,0,0,55,42,30.23,10,39,10,NA,62,48,83,43,46,34,30.26,30.19,18,5,10,10,4,10,0,0,"",3,10,3,NA,NA,6073,5962,4,0,4,NA,NA,106,78
2015-06-02 12:00:00,0,0,0,0,NA,NA,NA,0,0,0,58,45,30.14,5,83,10,NA,71,45,83,34,50,38,30.21,30.08,15,0,10,10,8,7,0,0,"",3,17,6,NA,NA,6080,5965,4,0,8,NA,NA,106,82
2015-06-03 12:00:00,0,0,0,0,NA,NA,NA,0,0,0,67,52,30.02,7,144,10,NA,79,55,81,30,55,47,30.09,29.95,14,0,10,10,17,0,2,0,"",2,17,8,NA,NA,6080,5967,NA,2,8,NA,NA,108,82
2015-06-04 12:00:00,0,0,0,0,NA,NA,NA,0,0,0,72,60,29.98,8,202,10,NA,82,62,78,43,63,54,30.02,29.93,14,5,10,9,22,0,7,0,"",2,17,10,NA,NA,6080,5969,4,9,12,NA,NA,115,86
2015-06-05 12:00:00,0,0,0,0,NA,NA,NA,0,0,0,65,55,30.09,15,16,9,NA,73,56,90,67,63,51,30.14,29.96,26,6,10,6,15,0,0,0,"",2,17,12,NA,NA,6080,5971,5,9,17,NA,NA,115,91
2015-06-06 12:00:00,0,0,0,0,NA,NA,NA,0,0,0,64,51,30.1,9,53,10,NA,73,54,86,41,54,48,30.17,29.98,16,4,10,8,13,1,0,0,"",2,18,14,NA,NA,6081,5973,5,9,22,NA,NA,115,96
2015-06-07 12:00:00,0,1,0,0,NA,NA,NA,0,0,0,72,64,29.77,12,191,8,NA,83,60,90,62,72,51,29.96,29.64,23,4,10,2,21,0,7,0.44,"",2,18,16,NA,NA,6081,5975,5,16,27,NA,NA,122,101
2015-06-08 12:00:00,0,1,0,0,NA,NA,NA,0,1,0,75,62,29.69,11,249,10,NA,86,63,90,26,68,55,29.77,29.61,29,0,10,5,25,0,10,0.1,"",1,18,17,NA,NA,6081,5976,5,26,32,NA,NA,132,106
2015-06-09 12:00:00,0,0,0,0,NA,NA,NA,0,0,0,74,59,29.76,9,235,10,NA,87,61,84,27,63,55,29.82,29.7,17,4,10,8,24,0,9,0,"",1,18,18,NA,NA,6081,5977,5,35,37,NA,NA,141,111
2015-06-10 12:00:00,0,1,0,0,NA,NA,NA,0,1,0,83,65,29.7,13,218,10,NA,94,71,79,36,70,60,29.79,29.66,25,5,10,10,33,0,18,0.09,"",1,18,19,NA,NA,6081,5978,6,53,43,NA,NA,159,117
2015-06-11 12:00:00,0,1,0,0,NA,NA,NA,0,1,0,72,60,29.81,7,52,8,NA,79,65,93,49,65,55,29.87,29.75,16,0,10,1,22,0,7,0.2,"",1,18,20,NA,NA,6081,5979,6,60,49,NA,NA,166,123
2015-06-12 12:00:00,0,1,0,0,NA,NA,NA,0,1,0,66,63,29.82,8,348,3,NA,74,58,97,84,70,56,29.95,29.69,20,0,10,1,15,0,1,0.17,"",1,18,21,NA,NA,6081,5980,6,61,55,NA,NA,167,129
2015-06-13 12:00:00,1,1,0,0,NA,NA,NA,0,1,0,73,64,29.92,7,178,7,NA,88,58,100,57,72,56,29.97,29.85,24,0,10,0,22,0,8,0.19,"",1,18,22,NA,NA,6081,5981,6,69,61,NA,NA,175,135
2015-06-14 12:00:00,0,1,0,0,NA,NA,NA,0,1,0,78,71,29.9,9,228,8,NA,85,70,96,54,73,69,29.94,29.87,18,0,10,1,28,0,13,0.98,"",1,18,23,NA,NA,6081,5982,7,82,68,NA,NA,188,142
2015-06-15 12:00:00,1,1,0,0,NA,NA,NA,0,1,1,77,72,29.9,7,236,7,NA,83,71,97,68,74,69,29.96,29.81,24,0,10,0,26,0,12,0.24,"",1,18,24,NA,NA,6081,5983,7,94,75,NA,NA,200,149
2015-06-16 12:00:00,0,1,0,0,NA,NA,NA,0,0,0,67,57,30.07,11,22,9,NA,74,60,94,33,71,45,30.15,29.96,15,6,10,2,17,0,2,NA,"",1,18,25,NA,NA,6081,5984,7,96,82,NA,NA,202,156
2015-06-17 12:00:00,0,1,0,0,NA,NA,NA,0,0,0,65,59,30,4,49,7,NA,72,58,90,55,67,46,30.06,29.94,9,0,10,2,14,0,0,0.33,"",1,18,26,NA,NA,6081,5985,7,96,89,NA,NA,202,163
2015-06-18 12:00:00,1,1,0,0,NA,NA,NA,0,1,0,71,66,29.94,10,243,6,NA,82,59,100,46,72,53,30.03,29.89,25,0,10,0,22,0,6,0.48,"",1,18,27,NA,NA,6081,5986,8,102,97,NA,NA,208,171
2015-06-19 12:00:00,0,0,0,0,NA,NA,NA,0,0,0,63,52,30.04,11,27,10,NA,68,57,78,56,56,48,30.1,29.95,16,7,10,10,12,2,0,0,"",1,20,28,NA,NA,6083,5987,8,102,105,NA,NA,208,179
2015-06-20 12:00:00,0,1,0,0,NA,NA,NA,0,1,0,70,61,29.85,7,314,10,NA,82,57,91,53,71,48,29.94,29.74,24,0,10,6,19,0,5,0.22,"",1,20,29,NA,NA,6083,5988,8,107,113,NA,NA,213,187
2015-06-21 12:00:00,0,1,0,0,NA,NA,NA,0,0,0,79,67,29.87,9,248,10,NA,87,70,90,33,70,62,29.94,29.79,16,5,10,10,28,0,14,NA,"",0,20,29,NA,NA,6083,5988,8,121,121,NA,NA,227,195
2015-06-22 12:00:00,0,1,0,0,NA,NA,NA,0,1,0,79,72,29.84,12,206,10,NA,85,72,93,68,76,68,29.96,29.68,31,4,10,8,28,0,14,0.04,"",0,20,29,NA,NA,6083,5988,9,135,130,NA,NA,241,204
2015-06-23 12:00:00,0,0,0,0,NA,NA,NA,0,0,0,74,58,29.98,9,2,10,NA,81,67,87,32,72,54,30.1,29.77,22,0,10,10,25,0,9,0,"",0,20,29,NA,NA,6083,5988,9,144,139,NA,NA,250,213
2015-06-24 12:00:00,0,0,0,0,NA,NA,NA,0,0,0,73,59,30.09,6,218,10,NA,79,66,71,40,62,55,30.14,30.02,15,0,10,10,22,0,8,0,"",0,20,29,NA,NA,6083,5988,9,152,148,NA,NA,258,222
2015-06-25 12:00:00,0,1,0,0,NA,NA,NA,0,1,0,74,66,29.95,9,81,7,NA,83,65,96,60,68,58,30.03,29.91,15,0,10,1,24,0,9,0.16,"",0,20,29,NA,NA,6083,5988,9,161,157,NA,NA,267,231
2015-06-26 12:00:00,0,1,0,0,NA,NA,NA,0,0,0,66,61,29.96,9,22,7,NA,70,61,93,75,64,57,30.01,29.92,17,5,10,2,16,0,1,0.7,"",0,20,29,NA,NA,6083,5988,9,162,166,NA,NA,268,240
2015-06-27 12:00:00,0,1,0,0,NA,NA,NA,0,0,0,68,52,29.95,10,5,10,NA,77,59,93,26,59,45,29.99,29.92,20,0,10,7,18,0,3,NA,"",0,20,29,NA,NA,6083,5988,10,165,176,NA,NA,271,250
2015-06-28 12:00:00,0,1,0,0,NA,NA,NA,0,0,0,70,54,29.86,6,207,10,NA,81,58,78,28,62,48,29.92,29.79,18,0,10,10,20,0,5,NA,"",0,20,29,NA,NA,6083,5988,10,170,186,NA,NA,276,260
2015-06-29 12:00:00,0,1,0,0,NA,NA,NA,0,0,0,71,64,29.78,5,149,9,NA,75,66,90,66,66,61,29.81,29.77,12,0,10,3,20,0,6,0.03,"",0,20,29,NA,NA,6083,5988,10,176,196,NA,NA,282,270
2015-06-30 12:00:00,0,0,0,0,NA,NA,NA,0,0,0,71,61,29.8,8,327,8,NA,80,61,93,44,65,55,29.9,29.74,20,0,10,4,20,0,6,0,"",0,20,29,NA,NA,6083,5990,10,182,210,NA,NA,288,284
2015-07-01 12:00:00,0,0,0,0,NA,NA,NA,0,0,0,63,53,29.96,9,46,10,NA,68,58,81,53,55,51,29.99,29.9,16,5,10,10,12,2,0,0,"",0,2,0,NA,NA,2,0,10,0,10,NA,NA,288,294
2015-07-02 12:00:00,0,0,0,0,NA,NA,NA,0,0,0,64,54,29.98,11,29,10,NA,71,56,90,51,57,51,30,29.95,17,6,10,5,12,1,0,0,"",0,3,0,NA,NA,3,0,10,0,20,NA,NA,288,304
2015-07-03 12:00:00,0,0,0,0,NA,NA,NA,0,0,0,69,55,29.94,6,59,10,NA,77,61,84,36,58,51,29.97,29.9,13,0,10,10,19,0,4,0,"",0,3,0,NA,NA,3,0,11,4,31,NA,NA,292,315
2015-07-04 12:00:00,0,0,0,0,NA,NA,NA,0,0,0,73,57,29.97,4,237,9,NA,84,62,81,32,59,55,30.03,29.93,12,0,10,4,23,0,8,0,"",0,3,0,NA,NA,3,0,11,12,42,NA,NA,300,326
2015-07-05 12:00:00,0,0,0,0,NA,NA,NA,0,0,0,75,60,30.02,5,201,9,NA,85,65,78,32,62,58,30.07,29.97,14,0,10,4,25,0,10,0,"",0,3,0,NA,NA,3,0,11,22,53,NA,NA,310,337
2015-07-06 12:00:00,0,1,0,0,NA,NA,NA,0,1,0,80,68,29.9,11,208,8,NA,88,71,88,51,70,63,29.99,29.8,23,4,10,2,30,0,15,0.56,"",0,3,0,NA,NA,3,0,11,37,64,NA,NA,325,348
2015-07-07 12:00:00,0,1,0,0,NA,NA,NA,0,0,0,67,54,29.96,14,13,8,NA,74,59,87,36,69,44,30.09,29.81,26,5,10,2,16,0,2,0.25,"",0,3,0,NA,NA,3,0,11,39,75,NA,NA,327,359
2015-07-08 12:00:00,0,1,0,0,NA,NA,NA,0,0,0,64,54,30.03,8,54,8,NA,68,59,90,53,60,46,30.11,29.91,13,5,10,1,14,1,0,NA,"",0,4,0,NA,NA,4,0,11,39,86,NA,NA,327,370
2015-07-09 12:00:00,0,1,0,0,NA,NA,NA,0,0,0,68,57,29.97,8,33,6,NA,74,61,90,47,61,54,30.05,29.84,15,0,10,1,17,0,3,0.04,"",0,4,0,NA,NA,4,0,11,42,97,NA,NA,330,381
2015-07-10 12:00:00,0,0,0,0,NA,NA,NA,0,0,0,73,56,30.08,4,154,9,NA,82,63,87,30,61,51,30.11,30.04,14,0,10,3,22,0,8,0,"",0,4,0,NA,NA,4,0,11,50,108,NA,NA,338,392
2015-07-11 12:00:00,0,1,0,0,NA,NA,NA,0,0,0,73,60,30.08,5,163,10,NA,81,65,84,45,66,54,30.14,30,13,0,10,9,24,0,8,0.03,"",0,4,0,NA,NA,4,0,11,58,119,NA,NA,346,403
2015-07-12 12:00:00,0,1,0,0,NA,NA,NA,0,0,0,76,66,29.95,7,88,9,NA,83,69,90,49,67,65,30.02,29.86,13,0,10,3,26,0,11,0.06,"",0,4,0,NA,NA,4,0,11,69,130,NA,NA,357,414
2015-07-13 12:00:00,0,1,0,0,NA,NA,NA,0,1,0,79,68,29.68,11,191,9,NA,88,70,87,52,77,64,29.85,29.52,30,5,10,1,29,0,14,0.66,"",0,4,0,NA,NA,4,0,11,83,141,NA,NA,371,425
2015-07-14 12:00:00,0,0,0,0,NA,NA,NA,0,0,0,74,63,29.66,13,334,10,NA,84,64,81,49,67,50,29.89,29.52,24,5,10,10,23,0,9,0,"",0,4,0,NA,NA,4,0,11,92,152,NA,NA,380,436
2015-07-15 12:00:00,0,0,0,0,NA,NA,NA,0,0,0,69,52,29.97,9,31,10,NA,76,62,73,29,58,44,30.02,29.89,17,6,10,10,18,0,4,0,"",0,4,0,NA,NA,4,0,11,96,163,NA,NA,384,447
2015-07-16 12:00:00,0,1,0,0,NA,NA,NA,0,1,0,71,62,29.91,9,138,8,NA,79,63,87,46,70,55,30.03,29.77,18,0,10,2,22,0,6,0.52,"",0,4,0,NA,NA,4,0,11,102,174,NA,NA,390,458
2015-07-17 12:00:00,0,1,0,0,NA,NA,NA,0,1,0,84,71,29.75,8,233,9,NA,93,74,87,44,76,69,29.81,29.71,18,0,10,5,32,0,19,0.03,"",0,4,0,NA,NA,4,0,11,121,185,NA,NA,409,469
2015-07-18 12:00:00,0,1,0,0,NA,NA,NA,0,1,0,85,71,29.81,9,196,10,NA,93,76,79,57,78,66,29.89,29.75,29,4,10,9,33,0,20,0.03,"",0,4,0,NA,NA,4,0,11,141,196,NA,NA,429,480
2015-07-19 12:00:00,0,0,0,0,NA,NA,NA,0,0,0,80,67,29.84,7,268,10,NA,88,72,84,33,73,58,29.88,29.81,22,0,10,10,32,0,15,0,"",0,4,0,NA,NA,4,0,11,156,207,NA,NA,444,491
2015-07-20 12:00:00,0,0,0,0,NA,NA,NA,0,0,0,79,63,29.78,7,253,10,NA,89,68,76,35,69,59,29.86,29.71,16,0,10,10,28,0,14,0,"",0,4,0,NA,NA,4,0,11,170,218,NA,NA,458,502
2015-07-21 12:00:00,0,0,0,0,NA,NA,NA,0,0,0,76,54,29.85,8,23,10,NA,82,70,69,26,65,49,29.92,29.75,15,0,10,10,26,0,11,0,"",0,4,0,NA,NA,4,0,11,181,229,NA,NA,469,513
2015-07-22 12:00:00,0,0,0,0,NA,NA,NA,0,0,0,76,54,29.94,5,114,10,NA,84,67,68,26,59,50,29.97,29.92,13,0,10,10,25,0,11,0,"",0,4,0,NA,NA,4,0,11,192,240,NA,NA,480,524
2015-07-23 12:00:00,0,0,0,0,NA,NA,NA,0,0,0,77,57,29.97,4,95,10,NA,86,67,71,27,60,55,29.99,29.95,14,0,10,10,27,0,12,0,"",0,4,0,NA,NA,4,0,11,204,251,NA,NA,492,535
2015-07-24 12:00:00,0,0,0,0,NA,NA,NA,0,0,0,78,60,29.96,8,203,10,NA,87,69,68,31,63,58,30.01,29.89,21,0,10,10,28,0,13,0,"",0,4,0,NA,NA,4,0,11,217,262,NA,NA,505,546
2015-07-25 12:00:00,0,0,0,0,NA,NA,NA,0,0,0,83,68,29.89,9,244,10,NA,92,73,76,50,71,63,29.92,29.86,20,5,10,10,32,0,18,0,"",0,4,0,NA,NA,4,0,11,235,273,NA,NA,523,557
2015-07-26 12:00:00,0,1,0,0,NA,NA,NA,0,0,0,77,64,29.92,5,70,10,NA,82,71,71,52,68,60,29.94,29.9,12,0,10,10,26,0,12,NA,"",0,4,0,NA,NA,4,0,11,247,284,NA,NA,535,568
2015-07-27 12:00:00,0,0,0,0,NA,NA,NA,0,0,0,81,64,29.96,8,78,10,NA,90,71,84,29,70,61,29.99,29.92,17,0,10,5,30,0,16,0,"",0,4,0,NA,NA,4,0,11,263,295,NA,NA,551,579
2015-07-28 12:00:00,0,0,0,0,NA,NA,NA,0,0,0,84,68,29.92,7,159,10,NA,94,74,76,34,73,62,29.97,29.82,16,4,10,10,33,0,19,0,"",0,4,0,NA,NA,4,0,11,282,306,NA,NA,570,590
2015-07-29 12:00:00,0,1,0,0,NA,NA,NA,0,1,0,82,64,29.93,10,276,9,NA,90,74,82,15,74,48,29.99,29.87,22,5,10,2,34,0,17,0.07,"",0,4,0,NA,NA,4,0,11,299,317,NA,NA,587,601
2015-07-30 12:00:00,0,0,0,0,NA,NA,NA,0,0,0,80,55,30,11,279,10,NA,90,69,65,18,60,51,30.04,29.96,17,7,10,10,29,0,15,0,"",0,4,0,NA,NA,4,0,11,314,328,NA,NA,602,612
2015-07-31 12:00:00,0,0,0,0,NA,NA,NA,0,0,0,80,54,29.95,11,287,10,NA,90,70,64,15,64,46,30,29.9,28,5,10,10,30,0,15,NA,"",0,4,0,NA,NA,4,1,10,329,338,NA,NA,617,622
2015-08-01 12:00:00,0,0,0,0,NA,NA,NA,0,0,0,78,56,29.92,10,263,10,NA,89,66,64,23,64,51,29.97,29.86,20,5,10,10,27,0,13,0,"",0,0,0,NA,NA,4,1,10,13,10,NA,NA,630,632
2015-08-02 12:00:00,0,1,0,0,NA,NA,NA,0,1,0,82,66,29.74,16,241,9,NA,95,68,87,37,70,62,29.86,29.62,36,6,10,2,30,0,17,1.06,"",0,0,0,NA,NA,4,1,10,30,20,NA,NA,647,642
2015-08-03 12:00:00,0,0,0,0,NA,NA,NA,0,0,0,76,56,29.8,9,287,10,NA,84,68,87,18,65,44,29.88,29.71,20,0,10,10,26,0,11,0,"",0,0,0,NA,NA,4,1,10,41,30,NA,NA,658,652
2015-08-04 12:00:00,0,0,0,0,NA,NA,NA,0,0,0,74,55,29.94,7,289,10,NA,84,64,73,25,60,50,30.01,29.88,20,0,10,10,24,0,9,0,"",0,0,0,NA,NA,4,1,10,50,40,NA,NA,667,662
2015-08-05 12:00:00,0,0,0,0,NA,NA,NA,0,0,0,74,57,30,7,100,10,NA,83,65,78,26,62,50,30.04,29.96,16,0,10,10,24,0,9,0,"",0,0,0,NA,NA,4,1,10,59,50,NA,NA,676,672
2015-08-06 12:00:00,0,0,0,0,NA,NA,NA,0,0,0,77,60,29.92,9,63,10,NA,84,70,78,33,64,56,29.95,29.88,16,6,10,10,28,0,12,0,"",0,0,0,NA,NA,4,1,10,71,60,NA,NA,688,682
2015-08-07 12:00:00,0,0,0,0,NA,NA,NA,0,0,0,77,57,29.87,9,183,10,NA,85,68,76,28,65,53,29.92,29.83,15,4,10,10,26,0,12,0,"",0,0,0,NA,NA,4,1,10,83,70,NA,NA,700,692
2015-08-08 12:00:00,0,0,0,0,NA,NA,NA,0,0,0,78,63,29.89,7,201,10,NA,85,71,79,53,67,59,29.94,29.81,13,0,10,7,28,0,13,0,"",0,0,0,NA,NA,4,1,10,96,80,NA,NA,713,702
2015-08-09 12:00:00,0,1,0,0,NA,NA,NA,0,0,0,77,66,29.93,5,168,8,NA,83,70,84,47,68,63,29.99,29.87,14,0,10,4,26,0,12,NA,"",0,0,0,NA,NA,4,1,10,108,90,NA,NA,725,712
2015-08-10 12:00:00,0,1,0,0,NA,NA,NA,0,1,0,79,67,29.85,6,333,8,NA,86,71,85,51,69,65,29.89,29.81,21,0,10,2,28,0,14,0.25,"",0,0,0,NA,NA,4,1,10,122,100,NA,NA,739,722
2015-08-11 12:00:00,0,0,0,0,NA,NA,NA,0,0,0,75,60,30.01,7,21,10,NA,82,68,81,39,65,52,30.08,29.89,20,0,10,10,25,0,10,0,"",0,0,0,NA,NA,4,1,10,132,110,NA,NA,749,732
2015-08-12 12:00:00,0,0,0,0,NA,NA,NA,0,0,0,72,59,30.12,6,83,10,NA,79,65,73,44,61,55,30.16,30.08,15,0,10,10,21,0,7,0,"",0,0,0,NA,NA,4,1,10,139,120,NA,NA,756,742
2015-08-13 12:00:00,0,0,0,0,NA,NA,NA,0,0,0,77,61,30.06,10,230,10,NA,86,67,79,34,64,58,30.11,30.02,20,6,10,10,25,0,12,0,"",0,0,0,NA,NA,4,1,10,151,130,NA,NA,768,752
2015-08-14 12:00:00,0,1,0,0,NA,NA,NA,0,1,0,81,66,30.07,9,247,9,NA,90,71,81,41,71,63,30.14,30.02,32,4,10,5,31,0,16,0.17,"",0,0,0,NA,NA,4,1,10,167,140,NA,NA,784,762
2015-08-15 12:00:00,0,1,0,0,NA,NA,NA,0,1,0,80,68,30.08,6,208,10,NA,90,70,87,48,71,63,30.13,30.03,25,0,10,1,29,0,15,0.17,"",0,0,0,NA,NA,4,1,10,182,150,NA,NA,799,772
2015-08-16 12:00:00,0,0,0,0,NA,NA,NA,0,0,0,82,68,30.05,9,219,10,NA,91,72,84,35,70,63,30.1,29.99,18,4,10,10,32,0,17,0,"",0,0,0,NA,NA,4,1,9,199,159,NA,NA,816,781
2015-08-17 12:00:00,0,1,0,0,NA,NA,NA,0,1,0,81,67,29.98,8,205,9,NA,90,72,84,45,69,65,30.04,29.92,26,0,10,1,30,0,16,0.41,"",0,0,0,NA,NA,4,1,9,215,168,NA,NA,832,790
2015-08-18 12:00:00,0,1,0,0,NA,NA,NA,0,1,0,77,67,29.8,9,183,8,NA,84,70,87,47,71,65,29.97,29.67,33,4,10,2,27,0,12,0.94,"",0,0,0,NA,NA,4,1,9,227,177,NA,NA,844,799
2015-08-19 12:00:00,0,1,0,0,NA,NA,NA,0,0,0,72,60,29.68,15,214,10,NA,79,64,81,34,66,53,29.74,29.62,24,10,10,10,22,0,7,NA,"",0,0,0,NA,NA,4,1,9,234,186,NA,NA,851,808
2015-08-20 12:00:00,0,0,0,0,NA,NA,NA,0,0,0,69,51,29.84,14,250,10,NA,76,61,78,29,56,46,30.01,29.71,25,6,10,10,18,0,4,0,"",0,0,0,NA,NA,4,1,9,238,195,NA,NA,855,817
2015-08-21 12:00:00,0,0,0,0,NA,NA,NA,0,0,0,72,55,30.05,9,195,10,NA,84,60,78,32,59,51,30.09,30.02,17,4,10,10,22,0,7,0,"",0,0,0,NA,NA,4,1,9,245,204,NA,NA,862,826
2015-08-22 12:00:00,0,0,0,0,NA,NA,NA,0,0,0,75,55,30.04,9,167,10,NA,83,66,68,27,57,53,30.1,29.96,21,5,10,10,24,0,10,0,"",0,0,0,NA,NA,4,1,9,255,213,NA,NA,872,835
2015-08-23 12:00:00,0,1,0,0,NA,NA,NA,0,0,0,72,60,29.86,12,227,9,NA,79,65,91,34,69,49,29.94,29.82,24,7,10,1,24,0,7,0.09,"",0,0,0,NA,NA,4,1,9,262,222,NA,NA,879,844
2015-08-24 12:00:00,0,0,0,0,NA,NA,NA,0,0,0,67,47,29.93,14,269,10,NA,76,57,74,28,50,43,29.98,29.89,29,7,10,10,16,0,2,0,"",0,0,0,NA,NA,4,1,9,264,231,NA,NA,881,853
2015-08-25 12:00:00,0,0,0,0,NA,NA,NA,0,0,0,68,50,30,9,325,10,NA,73,62,68,39,54,45,30.06,29.95,18,5,10,10,18,0,3,0,"",0,0,0,NA,NA,4,1,9,267,240,NA,NA,884,862
2015-08-26 12:00:00,0,0,0,0,NA,NA,NA,0,0,0,63,52,30.13,6,355,10,NA,67,59,75,48,53,50,30.18,30.06,10,0,10,10,14,2,0,0,"",0,2,0,NA,NA,6,1,8,267,248,NA,NA,884,870
2015-08-27 12:00:00,0,0,0,0,NA,NA,NA,0,0,0,66,54,30.15,5,117,10,NA,75,56,83,41,58,52,30.22,30.11,14,0,10,8,16,0,1,0,"",0,2,0,NA,NA,6,1,8,268,256,NA,NA,885,878
2015-08-28 12:00:00,0,0,0,0,NA,NA,NA,0,0,0,69,58,30.09,6,160,10,NA,76,62,78,48,63,55,30.13,30.04,10,0,10,10,18,0,4,NA,"",0,2,0,NA,NA,6,1,8,272,264,NA,NA,889,886
2015-08-29 12:00:00,0,1,0,0,NA,NA,NA,0,0,0,71,64,30.01,6,55,7,NA,76,66,87,61,67,58,30.06,29.97,13,4,10,2,20,0,6,0.37,"",0,2,0,NA,NA,6,1,8,278,272,NA,NA,895,894
2015-08-30 12:00:00,0,0,0,0,NA,NA,NA,0,0,0,72,64,30.03,5,45,7,NA,78,66,90,58,65,62,30.08,29.99,9,0,10,2,22,0,7,0,"",0,2,0,NA,NA,6,1,7,285,279,NA,NA,902,901
2015-08-31 12:00:00,0,0,0,0,NA,NA,NA,0,0,0,76,66,30.02,3,158,7,NA,87,65,90,46,69,62,30.07,29.98,12,0,10,2,26,0,11,0,"",0,2,0,NA,NA,6,5,7,296,288,NA,NA,913,910
2015-09-01 12:00:00,0,0,0,0,NA,NA,NA,0,0,0,82,71,30,9,197,10,NA,89,74,85,48,73,68,30.03,29.96,20,5,10,9,31,0,17,0,"",1,0,1,0,1,6,6,7,17,7,17,7,930,917
2015-09-02 12:00:00,0,0,0,0,NA,NA,NA,0,0,0,83,68,29.97,8,230,10,NA,92,73,82,37,70,67,30.04,29.92,17,4,10,8,32,0,18,0,"",1,0,2,0,2,6,7,7,35,14,35,14,948,924
2015-09-03 12:00:00,0,0,0,0,NA,NA,NA,0,0,0,84,67,29.9,10,240,10,NA,93,74,79,34,70,66,29.95,29.84,21,5,10,6,34,0,19,NA,"",1,0,3,0,3,6,8,7,54,21,54,21,967,931
2015-09-04 12:00:00,0,0,0,0,NA,NA,NA,0,0,0,80,67,29.98,6,73,10,NA,87,72,81,57,68,65,30.03,29.92,16,0,10,10,28,0,15,0,"",1,0,4,0,4,6,9,7,69,28,69,28,982,938
2015-09-05 12:00:00,0,0,0,0,NA,NA,NA,0,1,0,80,67,30.06,7,164,10,NA,87,73,82,50,69,65,30.12,30.01,16,0,10,9,28,0,15,0.02,"",1,0,5,0,5,6,10,6,84,34,84,34,997,944
2015-09-06 12:00:00,0,0,0,0,NA,NA,NA,0,0,0,84,65,30,9,193,10,NA,94,74,71,27,67,63,30.05,29.93,18,4,10,10,34,0,19,0,"",1,0,6,0,6,6,11,6,103,40,103,40,1016,950
2015-09-07 12:00:00,0,0,0,0,NA,NA,NA,0,0,0,84,67,29.94,8,215,10,NA,90,77,69,40,71,65,29.97,29.9,14,4,10,10,33,0,19,NA,"",1,0,7,0,7,6,12,6,122,46,122,46,1035,956
2015-09-08 12:00:00,1,1,0,0,NA,NA,NA,0,1,0,79,70,29.84,9,226,8,NA,88,70,91,57,72,66,29.92,29.77,25,4,10,0,29,0,14,0.91,"",1,0,8,0,8,6,13,6,136,52,136,52,1049,962
2015-09-09 12:00:00,0,0,0,0,NA,NA,NA,0,0,0,70,58,29.95,6,23,10,NA,78,62,90,29,66,47,30,29.88,14,0,10,10,22,0,5,0,"",1,0,9,0,9,6,14,5,141,57,141,57,1054,967
2015-09-10 12:00:00,0,1,0,0,NA,NA,NA,0,1,0,68,57,29.93,5,251,10,NA,77,59,90,46,61,53,29.98,29.88,25,0,10,7,18,0,3,0.2,"",1,0,10,0,10,6,15,5,144,62,144,62,1057,972
2015-09-11 12:00:00,0,1,0,0,NA,NA,NA,0,0,0,63,54,29.97,10,351,10,NA,69,57,90,48,59,47,30.03,29.9,22,0,10,6,13,2,0,0.23,"",1,2,11,2,11,8,16,5,144,67,144,67,1057,977
2015-09-12 12:00:00,0,1,0,0,NA,NA,NA,0,0,0,60,46,30.03,11,350,10,NA,66,53,86,28,50,39,30.06,30.01,21,5,10,8,10,5,0,0.16,"",2,7,13,7,13,13,18,5,144,72,144,72,1057,982
2015-09-13 12:00:00,0,0,0,0,NA,NA,NA,0,0,0,61,44,30.02,8,256,10,NA,71,50,77,25,46,42,30.06,29.97,14,4,10,10,10,4,0,0,"",2,11,15,11,15,17,20,4,144,76,144,76,1057,986
2015-09-14 12:00:00,0,0,0,0,NA,NA,NA,0,0,0,70,50,30.04,13,194,10,NA,83,56,67,25,53,44,30.09,30.01,22,6,10,10,18,0,5,0,"",2,11,17,11,17,17,22,4,149,80,149,80,1062,990
2015-09-15 12:00:00,0,0,0,0,NA,NA,NA,0,0,0,75,51,30.17,10,184,10,NA,84,65,65,15,54,44,30.22,30.1,20,7,10,10,24,0,10,0,"",2,11,19,11,19,17,24,4,159,84,159,84,1072,994
2015-09-16 12:00:00,0,0,0,0,NA,NA,NA,0,0,0,73,52,30.15,10,182,10,NA,84,61,63,24,55,50,30.22,30.07,21,0,10,10,24,0,8,0,"",2,11,21,11,21,17,26,4,167,88,167,88,1080,998
2015-09-17 12:00:00,0,1,0,0,NA,NA,NA,0,1,0,77,61,29.95,12,180,10,NA,87,66,73,36,67,55,30.07,29.81,21,4,10,2,26,0,12,0.26,"",2,11,23,11,23,17,28,3,179,91,179,91,1092,1001
2015-09-18 12:00:00,0,1,0,0,NA,NA,NA,0,1,0,73,67,29.81,7,177,6,NA,79,67,97,67,70,64,29.86,29.68,21,0,10,1,23,0,8,3.15,"",3,11,26,11,26,17,31,3,187,94,187,94,1100,1004
2015-09-19 12:00:00,0,1,0,0,NA,NA,NA,0,1,0,64,56,29.88,9,331,8,NA,71,57,94,36,66,43,30.12,29.67,23,0,10,1,14,1,0,0.04,"",3,12,29,12,29,18,34,3,187,97,187,97,1100,1007
2015-09-20 12:00:00,0,0,0,0,NA,NA,NA,0,0,0,63,49,30.16,5,113,10,NA,72,53,84,31,54,44,30.22,30.12,12,0,10,10,12,2,0,0,"",3,14,32,14,32,20,37,3,187,100,187,100,1100,1010
2015-09-21 12:00:00,0,0,0,0,NA,NA,NA,0,0,0,65,49,30.12,7,123,10,NA,73,56,83,24,56,43,30.17,30.09,13,4,10,10,15,0,0,0,"",3,14,35,14,35,20,40,3,187,103,187,103,1100,1013
2015-09-22 12:00:00,0,0,0,0,NA,NA,NA,0,0,0,69,50,30.16,5,145,10,NA,81,57,87,22,57,47,30.21,30.11,13,0,10,10,18,0,4,0,"",4,14,39,14,39,20,44,2,191,105,191,105,1104,1015
2015-09-23 12:00:00,0,0,0,0,NA,NA,NA,0,0,0,71,52,30.22,6,87,10,NA,80,61,70,28,58,46,30.26,30.19,15,0,10,10,20,0,6,0,"",4,14,43,14,43,20,48,2,197,107,197,107,1110,1017
2015-09-24 12:00:00,0,0,0,0,NA,NA,NA,0,0,0,70,56,30.23,6,65,10,NA,78,62,75,38,58,51,30.27,30.21,13,0,10,10,20,0,5,0,"",4,14,47,14,47,20,52,2,202,109,202,109,1115,1019
2015-09-25 12:00:00,0,0,0,0,NA,NA,NA,0,0,0,70,59,30.21,9,37,10,NA,76,64,81,52,62,56,30.24,30.18,17,0,10,10,20,0,5,0,"",5,14,52,14,52,20,57,2,207,111,207,111,1120,1021
2015-09-26 12:00:00,0,0,0,0,NA,NA,NA,0,0,0,69,56,30.2,9,82,10,NA,76,61,81,44,60,51,30.26,30.14,16,4,10,10,18,0,4,0,"",5,14,57,14,57,20,62,2,211,113,211,113,1124,1023
2015-09-27 12:00:00,0,1,0,0,NA,NA,NA,0,0,0,72,60,30.07,7,147,10,NA,76,67,81,55,62,54,30.14,30.01,13,4,10,10,20,0,7,NA,"",5,14,62,14,62,20,67,2,218,115,218,115,1131,1025
2015-09-28 12:00:00,0,0,0,0,NA,NA,NA,0,0,0,74,63,29.97,6,201,10,NA,81,67,84,46,65,62,30.02,29.91,14,0,10,10,24,0,9,0,"",6,14,68,14,68,20,73,2,227,117,227,117,1140,1027
2015-09-29 12:00:00,0,0,0,0,NA,NA,NA,0,0,0,66,55,30.02,15,16,10,NA,72,59,87,56,63,48,30.12,29.89,24,0,10,4,16,0,1,NA,"",6,14,74,14,74,20,79,2,228,119,228,119,1141,1029
2015-09-30 12:00:00,0,0,0,0,NA,NA,NA,0,0,0,59,43,30.18,17,36,10,NA,63,55,64,36,47,40,30.24,30.11,25,10,10,10,10,6,0,0,"",6,20,80,20,77,26,82,2,228,119,228,119,1141,1029
2015-10-01 12:00:00,0,0,0,0,NA,NA,NA,0,0,0,57,41,30.29,21,53,10,NA,60,53,62,40,42,39,30.33,30.24,32,13,10,10,7,8,0,0,"",7,8,7,28,84,34,89,1,0,1,228,120,1141,1030
2015-10-02 12:00:00,0,0,0,0,NA,NA,NA,0,0,0,58,40,30.31,23,53,10,NA,62,53,66,31,43,37,30.34,30.27,28,16,10,10,8,7,0,0,"",7,15,14,35,91,41,96,1,0,2,228,121,1141,1031
2015-10-03 12:00:00,0,1,0,0,NA,NA,NA,0,0,0,52,41,30.2,19,57,9,NA,55,49,83,50,45,35,30.23,30.18,26,16,10,2,2,13,0,0.04,"",7,28,21,48,98,54,103,1,0,3,228,122,1141,1032
2015-10-04 12:00:00,0,0,0,0,NA,NA,NA,0,0,0,56,49,30.18,13,44,10,NA,60,51,83,67,52,44,30.21,30.15,18,9,10,9,5,9,0,0,"",7,37,28,57,105,63,110,1,0,4,228,123,1141,1033
2015-10-05 12:00:00,0,0,0,0,NA,NA,NA,0,0,0,59,54,30.16,8,35,6,NA,61,57,89,71,54,52,30.2,30.14,13,6,9,3,9,6,0,0,"",8,43,36,63,113,69,118,1,0,5,228,124,1141,1034
2015-10-06 12:00:00,0,0,0,0,NA,NA,NA,0,0,0,63,54,30.14,6,26,7,NA,68,58,90,51,55,52,30.18,30.09,9,0,10,1,12,2,0,NA,"",8,45,44,65,121,71,126,1,0,6,228,125,1141,1035
2015-10-07 12:00:00,0,0,0,0,NA,NA,NA,0,0,0,65,54,30.13,8,65,9,NA,73,56,89,49,56,51,30.15,30.08,15,0,10,3,14,0,0,0,"",8,45,52,65,129,71,134,1,0,7,228,126,1141,1036
2015-10-08 12:00:00,0,0,0,0,NA,NA,NA,0,1,0,67,54,29.95,9,205,10,NA,79,55,80,38,59,47,30.11,29.85,22,0,10,7,16,0,2,NA,"",9,45,61,65,138,71,143,1,2,8,230,127,1143,1037
2015-10-09 12:00:00,0,0,0,0,NA,NA,NA,0,0,0,58,48,30.1,11,4,10,NA,67,49,77,38,58,43,30.24,29.88,21,0,10,8,10,7,0,0,"",9,52,70,72,147,78,152,1,2,9,230,128,1143,1038
2015-10-10 12:00:00,0,0,0,0,NA,NA,NA,0,0,0,56,42,30.13,7,224,10,NA,66,45,86,32,44,41,30.25,29.96,15,0,10,10,6,9,0,0,"",9,61,79,81,156,87,161,1,2,10,230,129,1143,1039
2015-10-11 12:00:00,0,0,0,0,NA,NA,NA,0,0,0,67,46,29.78,13,208,10,NA,80,53,71,26,51,43,29.94,29.64,24,7,10,10,16,0,2,0,"",10,61,89,81,166,87,171,1,4,11,232,130,1145,1040
2015-10-12 12:00:00,0,0,0,0,NA,NA,NA,0,0,0,67,47,29.52,15,244,10,NA,77,56,70,18,56,37,29.61,29.46,32,12,10,9,19,0,2,0,"",10,61,99,81,176,87,181,1,6,12,234,131,1147,1041
2015-10-13 12:00:00,0,0,0,0,NA,NA,NA,0,0,0,58,41,29.71,10,295,10,NA,64,51,66,35,43,38,29.86,29.56,22,0,10,10,8,7,0,0,"",10,68,109,88,186,94,191,1,6,13,234,132,1147,1042
2015-10-14 12:00:00,0,0,0,0,NA,NA,NA,0,0,0,55,37,29.97,7,293,10,NA,65,45,76,23,42,34,30.03,29.86,16,4,10,10,4,10,0,0,"",11,78,120,98,197,104,202,0,6,13,234,132,1147,1042
2015-10-15 12:00:00,0,0,0,0,NA,NA,NA,0,0,0,60,33,30.02,12,265,10,NA,71,49,61,14,39,18,30.14,29.93,29,5,10,10,10,5,0,0,"",11,83,131,103,208,109,213,0,6,13,234,132,1147,1042
2015-10-16 12:00:00,0,0,0,0,NA,NA,NA,0,0,0,49,28,30.26,10,311,10,NA,56,42,60,22,33,23,30.34,30.15,18,7,10,10,0,16,0,0,"",11,99,142,119,219,125,224,0,6,13,234,132,1147,1042
2015-10-17 12:00:00,0,0,0,0,NA,NA,NA,0,0,0,45,22,30.42,8,309,10,NA,54,36,63,17,28,16,30.49,30.34,18,0,10,10,0,20,0,0,"",11,119,153,139,230,145,235,0,6,13,234,132,1147,1042
2015-10-18 12:00:00,0,0,0,0,NA,NA,NA,0,0,0,48,27,30.43,4,228,10,NA,61,35,70,14,35,23,30.52,30.33,10,0,10,10,0,17,0,0,"",12,136,165,156,242,162,247,0,6,13,234,132,1147,1042
2015-10-19 12:00:00,0,0,0,0,NA,NA,NA,0,0,0,61,31,30.13,18,204,10,NA,74,47,42,16,37,24,30.32,30,29,7,10,10,10,4,0,0,"",12,140,177,160,254,166,259,0,6,13,234,132,1147,1042
2015-10-20 12:00:00,0,1,0,0,NA,NA,NA,0,0,0,66,38,30.08,11,204,10,NA,77,55,75,16,51,34,30.14,30.01,22,5,10,9,16,0,1,0.09,"",12,140,189,160,266,166,271,0,7,13,235,132,1148,1042
2015-10-21 12:00:00,0,0,0,0,NA,NA,NA,0,0,0,68,52,30.08,12,215,10,NA,77,59,70,38,57,46,30.12,29.99,22,7,10,10,18,0,3,0,"",13,140,202,160,279,166,284,0,10,13,238,132,1151,1042
2015-10-22 12:00:00,0,0,0,0,NA,NA,NA,0,0,0,60,45,30.23,9,36,10,NA,64,55,70,45,54,42,30.3,30.1,15,5,10,10,10,5,0,0,"",13,145,215,165,292,171,297,0,10,13,238,132,1151,1042
2015-10-23 12:00:00,0,1,0,0,NA,NA,NA,0,0,0,60,47,30.09,11,124,9,NA,66,54,87,39,60,39,30.26,29.89,20,6,10,6,9,5,0,0.04,"",13,150,228,170,305,176,310,0,10,13,238,132,1151,1042
2015-10-24 12:00:00,0,1,0,0,NA,NA,NA,0,0,0,60,54,29.89,15,248,9,NA,68,51,87,51,62,41,30.12,29.77,30,9,10,1,10,5,0,0.12,"",14,155,242,175,319,181,324,0,10,13,238,132,1151,1042
2015-10-25 12:00:00,0,0,0,0,NA,NA,NA,0,0,0,53,37,30.33,5,357,10,NA,63,42,85,24,40,33,30.39,30.16,13,0,10,10,2,12,0,0,"",14,167,256,187,333,193,338,0,10,13,238,132,1151,1042
2015-10-26 12:00:00,0,0,0,0,NA,NA,NA,0,0,0,52,39,30.36,7,92,10,NA,62,42,74,34,45,35,30.42,30.3,15,0,10,10,2,13,0,0,"",14,180,270,200,347,206,352,0,10,13,238,132,1151,1042
2015-10-27 12:00:00,0,1,0,0,NA,NA,NA,0,0,0,54,44,30.05,13,100,8,NA,57,51,89,43,49,37,30.3,29.75,23,5,10,1,4,11,0,0.38,"",15,191,285,211,362,217,367,0,10,13,238,132,1151,1042
2015-10-28 12:00:00,0,1,0,0,NA,NA,NA,0,0,0,49,48,29.49,14,211,5,NA,58,39,93,51,55,28,29.71,29.41,33,8,10,1,0,16,0,0.16,"",15,207,300,227,377,233,382,0,10,13,238,132,1151,1042
2015-10-29 12:00:00,0,0,0,0,NA,NA,NA,0,0,0,43,33,29.74,15,265,10,NA,48,38,74,52,39,28,29.99,29.55,26,6,10,10,0,22,0,NA,"",16,229,316,249,393,255,398,0,10,13,238,132,1151,1042
2015-10-30 12:00:00,0,0,0,0,NA,NA,NA,0,0,0,47,36,30.1,6,210,10,NA,57,37,89,35,40,33,30.16,30.01,13,0,10,10,0,18,0,0,"",16,247,332,267,409,273,414,0,10,13,238,132,1151,1042
2015-10-31 12:00:00,0,1,0,0,NA,NA,NA,0,0,0,50,44,29.82,11,180,6,NA,54,46,90,61,50,37,30.04,29.68,24,8,10,2,0,15,0,0.76,"",16,262,348,282,426,288,431,0,10,16,238,135,1151,1045
2015-11-01 12:00:00,0,0,0,0,NA,NA,NA,0,0,0,56,42,29.89,11,227,10,NA,65,46,86,30,47,38,29.99,29.77,17,5,10,8,5,9,0,0,"",17,9,17,291,443,297,448,0,0,0,238,135,1151,1045
2015-11-02 12:00:00,0,0,0,0,NA,NA,NA,0,0,0,62,44,29.98,11,202,10,NA,74,50,80,20,47,36,30.02,29.94,21,6,10,10,12,3,0,0,"",17,12,34,294,460,300,465,0,0,0,238,135,1151,1045
2015-11-03 12:00:00,0,0,0,0,NA,NA,NA,0,0,0,62,51,30.09,6,189,9,NA,73,50,94,39,56,45,30.14,30.02,15,0,10,1,12,3,0,0,"",18,15,52,297,478,303,483,0,0,0,238,135,1151,1045
2015-11-04 12:00:00,1,0,0,0,NA,NA,NA,0,0,0,62,53,30.1,7,197,6,NA,73,50,96,49,59,46,30.16,30.04,16,0,10,0,12,3,0,0,"",18,18,70,300,496,306,501,0,0,0,238,135,1151,1045
2015-11-05 12:00:00,0,1,0,0,NA,NA,NA,0,0,0,66,57,29.91,15,197,9,NA,71,61,87,47,60,53,30.04,29.67,25,7,10,5,16,0,1,NA,"",18,18,88,300,514,306,519,0,1,0,239,135,1152,1045
2015-11-06 12:00:00,0,1,0,0,NA,NA,NA,0,0,0,55,45,29.92,14,262,8,NA,67,43,87,53,61,35,30.21,29.63,30,6,10,1,4,10,0,0.47,"",19,28,107,310,533,316,538,0,1,0,239,135,1152,1045
2015-11-07 12:00:00,0,0,0,0,NA,NA,NA,0,0,0,47,32,30.32,9,277,10,NA,55,38,82,27,36,26,30.43,30.21,24,0,10,10,0,18,0,0,"",19,46,126,328,552,334,557,0,1,0,239,135,1152,1045
2015-11-08 12:00:00,0,0,0,0,NA,NA,NA,0,0,0,44,26,30.4,4,194,10,NA,54,34,79,20,29,23,30.48,30.32,10,0,10,10,0,21,0,0,"",20,67,146,349,572,355,577,0,1,0,239,135,1152,1045
2015-11-09 12:00:00,0,0,0,0,NA,NA,NA,0,0,0,46,30,30.24,4,126,10,NA,56,35,73,20,37,25,30.32,30.14,12,0,10,10,0,19,0,0,"",20,86,166,368,592,374,597,0,1,0,239,135,1152,1045
2015-11-10 12:00:00,0,0,0,0,NA,NA,NA,0,0,0,48,32,30.08,4,241,10,NA,58,38,77,24,35,30,30.16,30,9,0,10,9,0,17,0,0,"",21,103,187,385,613,391,618,0,1,0,239,135,1152,1045
2015-11-11 12:00:00,0,1,0,0,NA,NA,NA,0,1,0,54,42,29.65,13,168,8,NA,64,43,89,39,50,30,29.99,29.3,33,4,10,0,4,11,0,0.73,"",21,114,208,396,634,402,639,0,1,0,239,135,1152,1045
2015-11-12 12:00:00,0,1,0,0,NA,NA,NA,0,0,0,51,37,29.55,23,250,8,NA,58,44,82,41,48,28,29.9,29.26,38,14,10,2,0,14,0,0.02,"",22,128,230,410,656,416,661,0,1,0,239,135,1152,1045
2015-11-13 12:00:00,0,0,0,0,NA,NA,NA,0,0,0,42,25,30.08,15,282,10,NA,48,36,67,22,28,21,30.27,29.92,30,6,10,10,0,23,0,0,"",22,151,252,433,678,439,683,0,1,0,239,135,1152,1045
2015-11-14 12:00:00,0,0,0,0,NA,NA,NA,0,0,0,45,28,30.25,9,204,10,NA,58,31,72,25,35,23,30.34,30.18,18,0,10,10,0,20,0,0,"",23,171,275,453,701,459,706,0,1,0,239,135,1152,1045
2015-11-15 12:00:00,0,0,0,0,NA,NA,NA,0,0,0,55,32,30.22,10,209,10,NA,66,44,60,17,34,31,30.27,30.18,21,5,10,10,5,10,0,0,"",23,181,298,463,724,469,729,0,1,0,239,135,1152,1045
2015-11-16 12:00:00,0,1,0,0,NA,NA,NA,0,0,0,53,37,30.13,11,161,9,NA,58,48,86,30,45,31,30.18,30.06,21,5,10,2,2,12,0,0.03,"",24,193,322,475,748,481,753,0,1,0,239,135,1152,1045
2015-11-17 12:00:00,0,1,0,0,NA,NA,NA,0,0,0,56,49,29.87,16,145,8,NA,63,49,88,55,54,45,30.06,29.7,29,8,10,2,5,9,0,0.44,"",24,202,346,484,772,490,777,0,1,0,239,135,1152,1045
2015-11-18 12:00:00,0,1,0,0,NA,NA,NA,0,0,0,57,48,29.56,18,182,8,NA,63,50,83,48,55,37,29.69,29.46,36,14,10,1,6,8,0,0.26,"",25,210,371,492,797,498,802,0,1,0,239,135,1152,1045
2015-11-19 12:00:00,0,0,0,0,NA,NA,NA,0,0,0,44,26,29.92,19,244,10,NA,50,37,76,25,39,16,30.16,29.68,32,13,10,10,0,21,0,NA,"",25,231,396,513,822,519,827,0,1,0,239,135,1152,1045
2015-11-20 12:00:00,0,0,1,0,NA,NA,1,0,0,0,38,22,30.27,10,302,6,NA,43,33,89,22,31,11,30.32,30.17,16,4,10,1,0,27,0,0.12,"",26,258,422,540,848,546,853,0,1,0,239,135,1152,1045
2015-11-21 12:00:00,1,1,1,0,NA,NA,4,0,0,0,28,29,30.05,13,32,3,NA,35,21,96,61,33,13,30.24,29.91,28,6,10,0,0,37,0,0.55,"",26,295,448,577,874,583,879,0,1,0,239,135,1152,1045
2015-11-22 12:00:00,0,0,0,0,NA,NA,4,0,0,0,21,13,30.21,8,211,10,NA,29,13,84,47,19,8,30.28,30.08,14,5,10,10,0,44,0,0,"",27,339,475,621,901,627,906,0,1,0,239,135,1152,1045
2015-11-23 12:00:00,0,0,0,0,NA,NA,3,0,0,0,33,24,30.09,9,229,10,NA,39,27,79,52,28,19,30.23,30.01,15,4,10,10,0,32,0,0,"",27,371,502,653,928,659,933,0,1,0,239,135,1152,1045
2015-11-24 12:00:00,0,0,0,0,NA,NA,2,0,0,0,36,28,30.31,5,152,9,NA,45,26,85,46,31,24,30.38,30.25,15,0,10,7,0,29,0,0,"",28,400,530,682,956,688,961,0,1,0,239,135,1152,1045
2015-11-25 12:00:00,0,1,0,0,NA,NA,1,0,0,0,46,34,30.23,13,174,10,NA,53,39,73,44,41,30,30.29,30.18,21,6,10,7,0,19,0,0.02,"",28,419,558,701,984,707,989,0,1,0,239,135,1152,1045
2015-11-26 12:00:00,0,1,0,0,NA,NA,NA,0,0,0,56,49,30.21,15,195,8,NA,62,50,83,64,53,43,30.27,30.15,22,9,10,2,6,9,0,0.54,"",29,428,587,710,1013,716,1018,0,1,0,239,135,1152,1045
2015-11-27 12:00:00,0,1,0,0,NA,NA,NA,0,0,0,48,38,30.32,16,10,5,NA,57,38,90,64,53,30,30.43,30.13,24,4,10,2,0,17,0,0.81,"",29,445,616,727,1042,733,1047,0,1,0,239,135,1152,1045
2015-11-28 12:00:00,0,1,0,0,NA,NA,NA,0,0,0,38,29,30.39,12,20,10,NA,40,36,73,50,31,26,30.41,30.35,18,7,10,10,0,27,0,NA,"",30,472,646,754,1072,760,1077,0,1,0,239,135,1152,1045
2015-11-29 12:00:00,0,0,0,0,NA,NA,NA,0,0,0,37,27,30.36,9,41,10,NA,43,30,75,36,32,22,30.41,30.28,15,0,10,10,0,28,0,0,"",30,500,676,782,1102,788,1107,0,1,0,239,135,1152,1045
2015-11-30 12:00:00,0,1,0,0,NA,NA,NA,0,0,0,43,33,30.08,12,101,8,NA,46,39,93,48,41,25,30.27,29.88,21,5,10,2,0,22,0,0.15,"",31,522,707,804,1130,810,1135,0,1,0,239,135,1152,1045
2015-12-01 12:00:00,0,1,0,0,NA,NA,NA,0,1,0,42,36,29.84,11,211,7,NA,45,39,93,46,43,28,29.87,29.8,24,5,10,2,0,23,0,0.15,"",31,23,31,NA,NA,833,1166,0,0,0,NA,NA,1152,1045
2015-12-02 12:00:00,1,1,1,0,NA,NA,NA,0,0,0,36,29,29.82,9,273,6,NA,39,33,89,60,33,24,30.09,29.73,18,5,10,0,0,29,0,0.13,"",31,52,62,NA,NA,862,1197,0,0,0,NA,NA,1152,1045
2015-12-03 12:00:00,0,0,0,0,NA,NA,NA,0,0,0,34,29,30.32,10,261,7,NA,37,31,82,63,30,25,30.45,30.11,17,5,10,5,0,31,0,0,"",32,83,94,NA,NA,893,1229,0,0,0,NA,NA,1152,1045
2015-12-04 12:00:00,0,0,0,0,NA,NA,NA,0,0,0,41,33,30.56,9,212,4,NA,48,33,93,47,35,29,30.63,30.44,16,6,10,1,0,24,0,0,"",32,107,126,NA,NA,917,1261,0,0,0,NA,NA,1152,1045
2015-12-05 12:00:00,1,0,0,0,NA,NA,NA,0,0,0,38,30,30.6,8,187,5,NA,45,30,93,51,32,27,30.68,30.47,13,4,10,0,0,27,0,0,"",33,134,159,NA,NA,944,1294,0,0,0,NA,NA,1152,1045
2015-12-06 12:00:00,0,0,0,0,NA,NA,NA,0,0,0,40,32,30.32,5,207,10,NA,48,32,86,44,35,29,30.47,30.23,10,0,10,8,0,25,0,0,"",33,159,192,NA,NA,969,1327,0,0,0,NA,NA,1152,1045
2015-12-07 12:00:00,1,0,0,0,NA,NA,NA,0,0,0,37,34,30.19,7,216,2,NA,40,33,96,80,36,30,30.28,30.04,17,0,7,0,0,28,0,NA,"",34,187,226,NA,NA,997,1361,0,0,0,NA,NA,1152,1045
2015-12-08 12:00:00,0,0,0,0,NA,NA,NA,0,0,0,45,37,29.91,10,183,8,NA,49,40,83,61,41,34,30.05,29.73,16,7,10,5,0,20,0,0,"",34,207,260,NA,NA,1017,1395,0,0,0,NA,NA,1152,1045
2015-12-09 12:00:00,0,0,0,0,NA,NA,NA,0,0,0,49,39,29.73,8,221,9,NA,55,43,86,48,41,36,29.8,29.65,15,6,10,3,0,16,0,0,"",34,223,294,NA,NA,1033,1429,0,0,0,NA,NA,1152,1045
2015-12-10 12:00:00,0,0,0,0,NA,NA,NA,0,0,0,52,38,29.61,16,206,10,NA,60,43,76,42,41,36,29.77,29.47,35,8,10,10,1,13,0,0,"",35,236,329,NA,NA,1046,1464,0,0,0,NA,NA,1152,1045
2015-12-11 12:00:00,0,1,0,0,NA,NA,NA,0,0,0,50,36,29.79,7,172,10,NA,55,44,77,34,46,32,29.85,29.63,18,0,10,7,0,15,0,NA,"",35,251,364,NA,NA,1061,1499,0,0,0,NA,NA,1152,1045
2015-12-12 12:00:00,0,1,0,0,NA,NA,NA,0,0,0,56,52,29.92,4,166,3,NA,60,51,93,74,55,47,29.99,29.81,12,0,10,1,6,9,0,NA,"",35,260,399,NA,NA,1070,1534,0,0,0,NA,NA,1152,1045
2015-12-13 12:00:00,0,1,0,0,NA,NA,NA,0,1,0,59,56,29.77,13,171,7,NA,64,54,89,75,58,52,29.95,29.44,21,0,10,2,9,6,0,0.78,"",36,266,435,NA,NA,1076,1570,0,0,0,NA,NA,1152,1045
2015-12-14 12:00:00,0,1,0,0,NA,NA,NA,0,0,0,53,45,29.35,15,212,10,NA,62,43,83,59,56,35,29.6,29.22,39,9,10,6,2,12,0,0.37,"",36,278,471,NA,NA,1088,1606,0,0,0,NA,NA,1152,1045
2015-12-15 12:00:00,0,0,0,0,NA,NA,NA,0,0,0,43,35,29.85,9,55,10,NA,44,41,82,57,39,32,29.96,29.6,16,4,10,9,0,22,0,NA,"",36,300,507,NA,NA,1110,1642,0,0,0,NA,NA,1152,1045
2015-12-16 12:00:00,0,1,0,0,NA,NA,NA,0,0,0,45,36,29.7,16,188,9,NA,55,35,83,48,46,25,29.89,29.55,28,9,10,2,0,20,0,0.09,"",36,320,543,NA,NA,1130,1678,0,0,0,NA,NA,1152,1045
2015-12-17 12:00:00,0,0,0,0,NA,NA,NA,0,0,0,33,21,29.9,14,263,10,NA,36,30,69,41,25,19,30,29.74,25,5,10,10,0,32,0,0,"",37,352,580,NA,NA,1162,1715,0,0,0,NA,NA,1152,1045
2015-12-18 12:00:00,0,0,1,0,NA,NA,NA,0,0,0,30,17,30.02,13,260,9,NA,33,26,75,36,23,10,30.15,29.95,24,7,10,2,0,35,0,NA,"",37,387,617,NA,NA,1197,1752,0,0,0,NA,NA,1152,1045
2015-12-19 12:00:00,0,0,0,0,NA,NA,NA,0,0,0,25,11,30.36,11,245,10,NA,32,17,66,31,17,6,30.45,30.13,22,4,10,10,0,40,0,NA,"",37,427,654,NA,NA,1237,1789,0,0,0,NA,NA,1152,1045
2015-12-20 12:00:00,0,1,0,0,NA,NA,NA,0,0,0,40,25,30.07,16,192,10,NA,51,28,68,27,35,18,30.35,29.88,26,6,10,10,0,25,0,0.03,"",37,452,691,NA,NA,1262,1826,0,0,0,NA,NA,1152,1045
2015-12-21 12:00:00,0,1,0,0,NA,NA,NA,0,0,0,49,43,29.76,11,228,6,NA,54,43,93,73,49,36,29.86,29.68,22,0,10,1,0,16,0,0.72,"",38,468,729,NA,NA,1278,1864,0,0,0,NA,NA,1152,1045
2015-12-22 12:00:00,0,1,0,0,NA,NA,NA,0,0,0,41,35,29.83,9,233,5,NA,44,37,89,71,41,31,29.9,29.73,16,4,10,1,0,24,0,0.01,"",38,492,767,NA,NA,1302,1902,0,0,0,NA,NA,1152,1045
2015-12-23 12:00:00,1,1,0,0,NA,NA,NA,0,1,0,52,49,29.4,16,166,4,NA,61,42,93,62,57,33,29.7,29.14,44,5,10,0,2,13,0,0.84,"",38,505,805,NA,NA,1315,1940,0,0,0,NA,NA,1152,1045
2015-12-24 12:00:00,0,1,0,0,NA,NA,NA,0,0,0,40,31,29.9,12,218,10,NA,44,36,76,51,35,28,30.07,29.55,31,0,10,10,0,25,0,NA,"",38,530,843,NA,NA,1340,1978,0,0,0,NA,NA,1152,1045
2015-12-25 12:00:00,0,0,0,0,NA,NA,NA,0,0,0,41,32,30.29,9,26,10,NA,46,36,83,54,35,30,30.39,30.09,16,5,10,8,0,24,0,0,"",38,554,881,NA,NA,1364,2016,0,0,0,NA,NA,1152,1045
2015-12-26 12:00:00,0,1,0,0,NA,NA,NA,0,0,0,43,38,30.1,10,53,5,NA,45,41,93,54,42,31,30.31,29.99,20,5,10,1,0,22,0,0.24,"",39,576,920,NA,NA,1386,2055,0,0,0,NA,NA,1152,1045
2015-12-27 12:00:00,0,1,0,0,NA,NA,NA,0,0,0,40,32,30.25,19,18,9,NA,43,36,89,57,39,25,30.38,30.06,29,13,10,3,0,25,0,0.16,"",39,601,959,NA,NA,1411,2094,0,0,0,NA,NA,1152,1045
2015-12-28 12:00:00,0,1,1,0,NA,NA,NA,0,0,0,37,30,29.86,21,79,5,NA,42,32,93,53,38,25,30.34,29.46,32,9,10,1,0,28,0,1.82,"",39,629,998,NA,NA,1439,2133,0,0,0,NA,NA,1152,1045
2015-12-29 12:00:00,0,0,1,0,NA,NA,NA,0,0,0,36,28,29.93,14,246,9,NA,41,31,85,62,35,24,30.21,29.55,23,6,10,2,0,29,0,NA,"",39,658,1037,NA,NA,1468,2172,0,0,0,NA,NA,1152,1045
2015-12-30 12:00:00,1,0,1,0,NA,NA,4,0,0,0,30,23,30.22,9,247,6,NA,31,28,88,58,25,20,30.27,30.17,15,5,10,0,0,35,0,0.06,"",39,693,1076,NA,NA,1503,2211,0,0,0,NA,NA,1152,1045
2015-12-31 12:00:00,0,0,1,0,NA,NA,3,0,0,0,27,18,30.3,13,256,10,NA,29,24,75,51,21,15,30.34,30.22,21,8,10,9,0,38,0,NA,"",39,731,1115,NA,NA,1541,2251,0,0,0,NA,NA,1152,1045
2016-01-01 12:00:00,0,0,1,0,NA,NA,2,0,0,0,26,17,30.21,15,250,10,NA,31,20,72,53,22,11,30.27,30.14,24,9,10,6,0,39,0,NA,"",39,39,39,NA,NA,1580,2290,0,0,0,NA,NA,0,0
2016-01-02 12:00:00,0,0,0,0,NA,NA,2,0,0,0,28,19,30.09,12,251,10,NA,33,22,78,52,23,16,30.17,29.98,22,7,10,10,0,37,0,0,"",40,76,79,NA,NA,1617,2330,0,0,0,NA,NA,0,0
2016-01-03 12:00:00,0,0,1,0,NA,NA,2,0,0,0,28,18,30.18,12,318,10,NA,31,24,72,45,21,15,30.32,29.99,21,7,10,10,0,37,0,NA,"",40,113,119,NA,NA,1654,2370,0,0,0,NA,NA,0,0
2016-01-04 12:00:00,0,0,1,0,NA,NA,2,0,0,0,29,17,30.47,11,360,10,NA,32,25,69,42,20,15,30.58,30.32,22,8,10,3,0,36,0,NA,"",40,149,159,NA,NA,1690,2410,0,0,0,NA,NA,0,0
2016-01-05 12:00:00,0,0,0,0,NA,NA,2,0,0,0,28,18,30.51,9,183,10,NA,34,21,81,46,21,12,30.61,30.4,17,6,10,10,0,37,0,0,"",40,186,199,NA,NA,1727,2450,0,0,0,NA,NA,0,0
2016-01-06 12:00:00,0,0,0,0,NA,NA,1,0,0,0,32,21,30.3,8,187,10,NA,39,25,72,45,26,17,30.39,30.21,15,5,10,10,0,33,0,0,"",40,219,239,NA,NA,1760,2490,0,0,0,NA,NA,0,0
2016-01-07 12:00:00,0,0,0,0,NA,NA,1,0,0,0,40,25,30.09,7,145,10,NA,43,36,65,40,29,23,30.19,29.97,10,5,10,10,0,25,0,NA,"",40,244,279,NA,NA,1785,2530,0,0,0,NA,NA,0,0
2016-01-08 12:00:00,0,1,0,0,NA,NA,1,0,0,0,43,39,29.78,7,164,4,NA,46,39,93,61,42,29,29.94,29.71,12,5,10,1,0,22,0,0.18,"",40,266,319,NA,NA,1807,2570,0,0,0,NA,NA,0,0
2016-01-09 12:00:00,0,1,1,0,NA,NA,1,0,0,0,36,33,29.8,10,312,3,NA,44,27,93,78,41,21,29.87,29.74,25,0,10,0,0,29,0,0.27,"",40,295,359,NA,NA,1836,2610,0,0,0,NA,NA,0,0
2016-01-10 12:00:00,0,0,1,0,NA,NA,1,0,0,0,16,5,30,18,288,10,NA,27,4,78,49,19,-6,30.16,29.78,26,13,10,7,0,49,0,NA,"",40,344,399,NA,NA,1885,2650,0,0,0,NA,NA,0,0
2016-01-11 12:00:00,0,0,1,0,NA,NA,3,0,0,0,14,9,29.93,11,215,5,NA,26,2,81,52,21,-7,30.19,29.68,29,7,10,1,0,51,0,0.06,"",40,395,439,NA,NA,1936,2690,0,0,0,NA,NA,0,0
2016-01-12 12:00:00,0,0,1,0,NA,NA,2,0,0,0,14,2,29.98,16,282,8,NA,22,5,71,38,12,-5,30.27,29.69,29,7,10,2,0,51,0,NA,"",40,446,479,NA,NA,1987,2730,0,0,0,NA,NA,0,0
2016-01-13 12:00:00,0,0,1,0,NA,NA,2,0,0,0,16,5,30.07,9,219,10,NA,29,2,76,52,20,-6,30.28,29.84,18,5,10,8,0,49,0,NA,"",40,495,519,NA,NA,2036,2770,0,0,0,NA,NA,0,0
2016-01-14 12:00:00,0,0,0,0,NA,NA,2,0,0,0,37,29,29.68,11,202,10,NA,45,28,79,52,37,21,29.81,29.55,21,6,10,10,0,28,0,0,"",40,523,559,NA,NA,2064,2810,0,0,0,NA,NA,0,0
2016-01-15 12:00:00,0,1,1,0,NA,NA,NA,0,0,0,38,33,29.48,13,245,8,NA,43,32,86,67,37,24,29.68,29.39,21,8,10,3,0,27,0,0.02,"",40,550,599,NA,NA,2091,2850,0,0,0,NA,NA,0,0
2016-01-16 12:00:00,0,0,0,0,NA,NA,NA,0,0,0,23,16,29.87,13,296,10,NA,32,14,69,45,23,-1,30.02,29.65,23,8,10,10,0,42,0,0,"",40,592,639,NA,NA,2133,2890,0,0,0,NA,NA,0,0
2016-01-17 12:00:00,0,0,0,0,NA,NA,NA,0,0,0,8,-9,30.16,16,290,10,NA,14,1,61,31,-3,-12,30.31,30.04,25,10,10,9,0,57,0,NA,"",40,649,679,NA,NA,2190,2930,0,0,0,NA,NA,0,0
2016-01-18 12:00:00,0,0,0,0,NA,NA,NA,0,0,0,4,-10,30.37,12,279,10,NA,10,-2,61,30,-6,-13,30.45,30.31,18,9,10,10,0,61,0,0,"",40,710,719,NA,NA,2251,2970,0,0,0,NA,NA,0,0
2016-01-19 12:00:00,0,0,0,0,NA,NA,NA,0,0,0,10,-3,30.52,6,235,10,NA,18,2,64,28,4,-9,30.61,30.44,13,0,10,10,0,55,0,0,"",40,765,759,NA,NA,2306,3010,0,0,0,NA,NA,0,0
2016-01-20 12:00:00,0,0,1,0,NA,NA,1,0,0,0,19,11,30.31,3,240,7,NA,25,13,81,50,13,5,30.41,30.21,12,0,10,1,0,46,0,0.03,"",40,811,799,NA,NA,2352,3050,0,0,0,NA,NA,0,0
2016-01-21 12:00:00,0,0,0,0,NA,NA,1,0,0,0,24,14,30.38,3,206,9,NA,32,16,81,40,17,10,30.44,30.31,8,0,10,8,0,41,0,0,"",40,852,839,NA,NA,2393,3090,0,0,0,NA,NA,0,0
2016-01-22 12:00:00,0,0,1,0,NA,NA,1,0,0,0,27,19,30.27,11,30,7,NA,32,21,78,33,23,13,30.32,30.24,20,4,10,2,0,38,0,0.01,"",40,890,879,NA,NA,2431,3130,0,0,0,NA,NA,0,0
2016-01-23 12:00:00,0,0,1,0,NA,NA,NA,0,0,0,30,20,30.21,6,299,9,NA,35,24,78,38,24,17,30.27,30.1,12,0,10,7,0,35,0,NA,"",40,925,919,NA,NA,2466,3170,0,0,0,NA,NA,0,0
2016-01-24 12:00:00,0,0,0,0,NA,NA,NA,0,0,0,31,20,30.01,8,203,10,NA,37,24,76,47,26,14,30.09,29.96,17,4,10,7,0,34,0,0,"",40,959,959,NA,NA,2500,3210,0,0,0,NA,NA,0,0
2016-01-25 12:00:00,0,1,0,0,NA,NA,NA,0,0,0,36,29,29.78,11,184,7,NA,43,29,89,55,38,21,29.96,29.63,28,6,10,2,0,29,0,0.06,"",40,988,999,NA,NA,2529,3250,0,0,0,NA,NA,0,0
2016-01-26 12:00:00,0,0,1,0,NA,NA,NA,0,0,0,33,23,30.02,16,265,9,NA,38,27,89,48,32,16,30.26,29.69,26,10,10,3,0,32,0,NA,"",40,1020,1039,NA,NA,2561,3290,0,0,0,NA,NA,0,0
2016-01-27 12:00:00,0,0,1,0,NA,NA,NA,0,0,0,31,18,30.15,13,232,10,NA,35,26,70,38,24,13,30.3,29.83,25,8,10,9,0,34,0,NA,"",40,1054,1079,NA,NA,2595,3330,0,0,0,NA,NA,0,0
2016-01-28 12:00:00,0,1,1,0,NA,NA,NA,0,0,0,36,25,29.74,15,286,10,NA,41,31,75,43,29,15,29.88,29.66,23,12,10,8,0,29,0,NA,"",40,1083,1119,NA,NA,2624,3370,0,0,0,NA,NA,0,0
2016-01-29 12:00:00,0,0,0,0,NA,NA,NA,0,0,0,31,15,29.93,11,207,10,NA,37,24,62,23,25,11,30.06,29.72,18,0,10,10,0,34,0,0,"",40,1117,1159,NA,NA,2658,3410,0,0,0,NA,NA,0,0
2016-01-30 12:00:00,0,0,0,0,NA,NA,NA,0,0,0,43,32,29.69,9,217,10,NA,49,36,79,47,36,26,29.73,29.65,21,4,10,9,0,22,0,NA,"",40,1139,1199,NA,NA,2680,3450,0,0,0,NA,NA,0,0
2016-01-31 12:00:00,0,1,0,0,NA,NA,NA,0,0,0,42,39,29.63,9,235,8,NA,49,34,90,72,46,31,29.87,29.47,18,5,10,5,0,23,0,0.02,"",40,1162,1239,NA,NA,2703,3496,0,0,0,NA,NA,0,0
2016-02-01 12:00:00,0,0,0,0,NA,NA,NA,0,0,0,39,29,30.04,5,250,10,NA,47,31,92,41,31,26,30.14,29.89,8,0,10,7,0,26,0,0,"",40,26,40,NA,NA,2729,3536,0,0,0,NA,NA,0,0
2016-02-02 12:00:00,1,1,0,0,NA,NA,NA,0,1,0,38,34,29.71,11,69,3,NA,40,36,100,67,38,30,30.16,29.46,26,0,9,0,0,27,0,0.08,"",39,53,79,NA,NA,2756,3575,0,0,0,NA,NA,0,0
2016-02-03 12:00:00,1,1,1,0,NA,NA,NA,0,0,0,34,30,29.69,13,244,7,NA,39,29,100,62,37,21,30.11,29.46,24,6,10,0,0,31,0,NA,"",39,84,118,NA,NA,2787,3614,0,0,0,NA,NA,0,0
2016-02-04 12:00:00,0,0,1,0,NA,NA,NA,0,0,0,27,15,30.25,10,244,10,NA,32,21,72,31,20,11,30.31,30.12,18,7,10,9,0,38,0,NA,"",39,122,157,NA,NA,2825,3653,0,0,0,NA,NA,0,0
2016-02-05 12:00:00,0,0,1,0,NA,NA,NA,0,0,0,31,21,30.35,7,255,9,NA,34,27,82,41,25,18,30.4,30.27,13,4,10,1,0,34,0,NA,"",39,156,196,NA,NA,2859,3692,0,0,0,NA,NA,0,0
2016-02-06 12:00:00,0,0,0,0,NA,NA,NA,0,0,0,34,24,30.24,8,216,9,NA,42,27,78,43,28,20,30.35,30.08,15,5,10,7,0,30,0,0,"",NA,NA,NA,NA,NA,NA,NA,NA,NA,NA,NA,NA,NA,NA
2016-02-07 12:00:00,0,0,0,0,NA,NA,NA,0,0,0,40,28,29.84,13,228,10,NA,46,34,76,48,31,26,30.07,29.71,23,7,10,10,0,25,0,0,"",38,212,273,NA,NA,2915,3769,0,0,0,NA,NA,0,0
2016-02-08 12:00:00,0,0,1,0,NA,NA,NA,0,0,0,29,21,29.71,11,277,8,NA,34,23,82,51,28,16,29.78,29.63,17,6,10,1,0,36,0,NA,"",38,248,311,NA,NA,2951,3807,0,0,0,NA,NA,0,0
2016-02-09 12:00:00,0,0,1,0,NA,NA,1,0,0,0,19,10,29.86,14,309,5,NA,23,15,78,43,16,5,30.01,29.73,21,8,10,1,0,46,0,NA,"",38,294,349,NA,NA,2997,3845,0,0,0,NA,NA,0,0
2016-02-10 12:00:00,0,0,1,0,NA,NA,1,0,0,0,15,1,30.11,11,312,10,NA,19,11,61,32,4,-1,30.24,30,20,7,10,10,0,50,0,NA,"",38,344,387,NA,NA,3047,3883,0,0,0,NA,NA,0,0
2016-02-11 12:00:00,0,0,0,0,NA,NA,1,0,0,0,17,0,30.33,7,298,10,NA,24,9,59,20,5,-3,30.39,30.24,14,0,10,10,0,48,0,0,"",37,392,424,NA,NA,3095,3920,0,0,0,NA,NA,0,0
2016-02-12 12:00:00,0,0,1,0,NA,NA,NA,0,0,0,17,3,30.27,16,291,10,NA,25,9,65,23,11,-9,30.53,30.15,29,5,10,2,0,48,0,NA,"",37,440,461,NA,NA,3143,3957,0,0,0,NA,NA,0,0
2016-02-13 12:00:00,0,0,0,0,NA,NA,NA,0,0,0,12,-8,30.6,9,312,10,NA,19,4,52,16,-1,-12,30.67,30.53,22,0,10,10,0,53,0,0,"",37,493,498,NA,NA,3196,3994,0,0,0,NA,NA,0,0
2016-02-14 12:00:00,0,0,1,0,NA,NA,1,0,0,0,16,7,30.24,12,136,5,NA,19,13,78,36,13,-1,30.52,30.03,20,6,10,0,0,49,0,0.01,"",37,542,535,NA,NA,3245,4031,0,0,0,NA,NA,0,0
2016-02-15 12:00:00,0,0,1,0,NA,NA,1,0,0,0,24,20,29.91,7,224,4,NA,29,19,92,70,24,14,30.04,29.82,12,4,6,2,0,41,0,NA,"",36,583,571,NA,NA,3286,4067,0,0,0,NA,NA,0,0
2016-02-16 12:00:00,0,0,1,0,NA,NA,1,0,0,0,32,24,29.89,5,294,5,NA,37,26,82,50,27,20,30.03,29.82,14,0,10,0,0,33,0,0.03,"",36,616,607,NA,NA,3319,4103,0,0,0,NA,NA,0,0
2016-02-17 12:00:00,0,0,0,0,NA,NA,1,0,0,0,32,19,30.27,6,2,9,NA,36,27,79,36,24,15,30.41,30.05,13,0,10,5,0,33,0,0,"",36,649,643,NA,NA,3352,4139,0,0,0,NA,NA,0,0
2016-02-18 12:00:00,0,0,0,0,NA,NA,NA,0,0,0,34,24,30.26,14,142,10,NA,42,26,72,46,30,16,30.44,29.92,25,8,10,9,0,31,0,0,"",35,680,678,NA,NA,3383,4174,0,0,0,NA,NA,0,0
2016-02-19 12:00:00,0,0,0,0,NA,NA,NA,0,0,0,54,35,29.7,24,221,10,NA,65,42,59,35,45,30,29.88,29.5,45,15,10,10,4,11,0,0,"",35,691,713,NA,NA,3394,4209,0,0,0,NA,NA,0,0
2016-02-20 12:00:00,0,0,0,0,NA,NA,NA,0,0,0,51,31,29.9,11,262,10,NA,60,42,63,26,35,26,30.02,29.8,23,5,10,10,0,14,0,0,"",35,705,748,NA,NA,3408,4244,0,0,0,NA,NA,0,0
2016-02-21 12:00:00,0,0,0,0,NA,NA,NA,0,0,0,40,29,30.13,11,17,10,NA,44,35,79,53,33,25,30.24,30.02,17,5,10,10,0,25,0,0,"",34,730,782,NA,NA,3433,4278,0,0,0,NA,NA,0,0
2016-02-22 12:00:00,0,0,0,0,NA,NA,NA,0,0,0,37,25,30.19,4,63,10,NA,45,28,82,34,29,23,30.23,30.14,12,0,10,10,0,28,0,0,"",34,758,816,NA,NA,3461,4312,0,0,0,NA,NA,0,0
2016-02-23 12:00:00,0,0,0,0,NA,NA,NA,0,0,0,39,25,30.09,9,59,10,NA,46,31,82,25,29,20,30.18,29.94,18,0,10,7,0,26,0,0,"",34,784,850,NA,NA,3487,4346,0,0,0,NA,NA,0,0
2016-02-24 12:00:00,1,0,1,0,NA,NA,2,0,0,0,36,27,29.65,25,2,4,NA,39,32,88,44,29,23,29.91,29.55,37,13,10,0,0,29,0,0.04,"",33,813,883,NA,NA,3516,4379,0,0,0,NA,NA,0,0
2016-02-25 12:00:00,0,0,1,0,NA,NA,2,0,0,0,35,21,29.97,18,330,9,NA,38,32,75,34,25,14,30.2,29.73,25,14,10,3,0,30,0,NA,"",33,843,916,NA,NA,3546,4412,0,0,0,NA,NA,0,0
2016-02-26 12:00:00,0,0,1,0,NA,NA,NA,0,0,0,32,17,30.23,9,276,10,NA,35,28,72,28,22,12,30.31,30.15,22,6,10,10,0,33,0,NA,"",33,876,949,NA,NA,3579,4445,0,0,0,NA,NA,0,0
2016-02-27 12:00:00,0,0,0,0,NA,NA,NA,0,0,0,42,27,29.95,14,213,10,NA,55,28,75,23,36,21,30.13,29.77,21,9,10,10,0,23,0,0,"",32,899,981,NA,NA,3602,4477,0,0,0,NA,NA,0,0
2016-02-28 12:00:00,0,1,0,0,NA,NA,NA,0,0,0,51,37,29.6,18,242,10,NA,64,38,79,40,46,27,29.79,29.44,31,13,10,6,0,14,0,0.05,"",32,913,1013,NA,NA,3616,4511,0,0,0,NA,NA,0,0
2016-02-29 12:00:00,0,1,0,0,NA,NA,NA,0,0,0,43,26,29.94,16,296,10,NA,55,30,75,29,31,20,30.06,29.82,25,9,10,10,0,22,0,NA,"",32,935,1045,NA,NA,3638,4543,0,0,0,NA,NA,0,0
2016-03-01 12:00:00,1,1,1,0,NA,NA,NA,0,0,0,27,21,29.89,18,9,7,NA,33,20,85,53,27,10,30.12,29.75,28,7,10,0,0,38,0,0.06,"",32,38,32,NA,NA,3676,4543,0,0,0,NA,NA,0,0
2016-03-02 12:00:00,0,0,1,0,NA,NA,NA,0,0,0,24,8,30.18,7,243,10,NA,33,14,75,21,23,0,30.25,30.13,14,0,10,2,0,41,0,NA,"",31,79,63,NA,NA,3717,4574,0,0,0,NA,NA,0,0
2016-03-03 12:00:00,0,0,1,0,NA,NA,1,0,0,0,31,25,30.1,9,65,5,NA,33,29,89,56,27,17,30.16,30.03,17,0,10,1,0,34,0,0.05,"",31,113,94,NA,NA,3751,4605,0,0,0,NA,NA,0,0
2016-03-04 12:00:00,0,0,1,0,NA,NA,1,0,0,0,31,20,30.18,8,200,8,NA,39,23,85,38,25,15,30.26,30.07,15,0,10,1,0,34,0,0.03,"",31,147,125,NA,NA,3785,4636,0,0,0,NA,NA,0,0
2016-03-05 12:00:00,0,0,1,0,NA,NA,1,0,0,0,35,28,30.12,8,271,7,NA,40,29,85,53,33,25,30.3,29.99,16,0,10,4,0,30,0,NA,"",30,177,155,NA,NA,3815,4666,0,0,0,NA,NA,0,0
2016-03-06 12:00:00,0,0,0,0,NA,NA,NA,0,0,0,44,31,30.13,13,190,10,NA,53,35,70,40,37,26,30.31,29.93,22,5,10,9,0,21,0,0,"",30,198,185,NA,NA,3836,4696,0,0,0,NA,NA,0,0
2016-03-07 12:00:00,0,0,0,0,NA,NA,NA,0,0,0,55,41,29.89,13,192,10,NA,62,47,67,41,47,34,29.93,29.85,21,9,10,10,4,10,0,NA,"",29,208,214,NA,NA,3846,4725,0,0,0,NA,NA,0,0
2016-03-08 12:00:00,0,0,0,0,NA,NA,NA,0,0,0,66,50,29.87,14,199,10,NA,73,58,72,40,54,45,29.92,29.81,25,9,10,10,16,0,1,0,"",29,208,243,NA,NA,3846,4754,0,1,0,NA,NA,1,0
2016-03-09 12:00:00,0,1,0,0,NA,NA,NA,0,0,0,59,53,29.89,10,229,10,NA,65,53,87,64,56,42,29.99,29.79,17,5,10,4,10,6,0,0.06,"",29,214,272,NA,NA,3852,4783,0,1,0,NA,NA,1,0
2016-03-10 12:00:00,0,0,0,0,NA,NA,NA,0,0,0,47,37,30.11,9,30,10,NA,53,41,74,55,41,34,30.27,30.01,16,6,10,9,0,18,0,0,"",28,232,300,NA,NA,3870,4811,0,1,0,NA,NA,1,0
2016-03-11 12:00:00,0,0,0,0,NA,NA,NA,0,0,0,45,32,30.34,6,79,10,NA,53,37,82,32,34,30,30.42,30.26,13,0,10,10,0,20,0,0,"",28,252,328,NA,NA,3890,4839,0,1,0,NA,NA,1,0
2016-03-12 12:00:00,0,0,0,0,NA,NA,NA,0,0,0,49,40,30.13,5,86,7,NA,60,38,89,53,43,32,30.25,29.96,12,0,10,2,0,16,0,NA,"",28,268,356,NA,NA,3906,4867,0,1,0,NA,NA,1,0
2016-03-13 12:00:00,0,1,0,0,NA,NA,NA,0,0,0,47,44,29.79,8,44,4,NA,50,43,100,66,47,39,29.95,29.67,17,4,9,2,0,18,0,0.75,"",27,286,383,NA,NA,3924,4894,0,1,0,NA,NA,1,0
2016-03-14 12:00:00,0,1,0,0,NA,NA,NA,0,0,0,49,43,29.72,5,44,7,NA,54,43,100,63,45,40,29.8,29.65,10,0,10,2,0,16,0,0.11,"",27,302,410,NA,NA,3940,4921,0,1,0,NA,NA,1,0
2016-03-15 12:00:00,0,1,0,0,NA,NA,NA,0,1,0,56,47,29.66,12,104,6,NA,64,47,90,58,53,41,29.8,29.37,28,4,10,2,5,9,0,0.09,"",27,311,437,NA,NA,3949,4948,0,1,0,NA,NA,1,0
2016-03-16 12:00:00,0,1,0,0,NA,NA,NA,0,0,0,53,38,29.58,23,247,9,NA,59,47,83,22,54,26,29.81,29.37,41,13,10,2,4,12,0,0.13,"",26,323,463,NA,NA,3961,4974,0,1,0,NA,NA,1,0
2016-03-17 12:00:00,0,0,0,0,NA,NA,NA,0,0,0,51,27,29.86,15,257,10,NA,58,43,58,18,30,24,29.94,29.8,28,7,10,10,0,14,0,0,"",26,337,489,NA,NA,3975,5000,0,1,0,NA,NA,1,0
2016-03-18 12:00:00,0,0,0,0,NA,NA,NA,0,0,0,43,28,30.09,10,9,10,NA,50,35,76,39,32,22,30.17,29.96,16,4,10,10,0,22,0,0,"",25,359,514,NA,NA,3997,5025,0,1,0,NA,NA,1,0
2016-03-19 12:00:00,0,0,0,0,NA,NA,NA,0,0,0,42,29,30.17,9,32,10,NA,47,36,76,48,31,25,30.24,30.11,17,4,10,10,0,23,0,0,"",25,382,539,NA,NA,4020,5050,0,1,0,NA,NA,1,0
2016-03-20 12:00:00,0,0,0,0,NA,NA,NA,0,0,0,39,25,30.19,9,36,10,NA,45,33,73,32,28,22,30.23,30.16,20,0,10,10,0,26,0,0,"",25,408,564,NA,NA,4046,5075,0,1,0,NA,NA,1,0
2016-03-21 12:00:00,0,0,0,0,NA,NA,NA,0,0,0,41,23,30.13,6,247,10,NA,50,32,70,23,27,20,30.22,30,15,4,10,10,0,24,0,0,"",24,432,588,NA,NA,4070,5099,0,1,0,NA,NA,1,0
2016-03-22 12:00:00,0,0,0,0,NA,NA,NA,0,0,0,56,33,29.76,14,209,10,NA,67,44,53,21,39,28,29.98,29.63,23,6,10,10,6,9,0,0,"",24,441,612,NA,NA,4079,5123,0,1,0,NA,NA,1,0
2016-03-23 12:00:00,0,1,0,0,NA,NA,NA,0,0,0,43,36,29.83,13,25,6,NA,47,39,93,65,40,34,29.88,29.74,22,8,8,1,0,22,0,0.06,"",24,463,636,NA,NA,4101,5147,0,1,0,NA,NA,1,0
2016-03-24 12:00:00,1,1,1,0,NA,NA,NA,0,0,0,36,34,29.61,13,354,4,NA,40,31,100,63,39,23,29.91,29.47,26,5,10,0,0,29,0,1.11,"",23,492,659,NA,NA,4130,5170,0,1,0,NA,NA,1,0
2016-03-25 12:00:00,0,0,0,0,NA,NA,NA,0,0,0,38,27,30.08,7,56,10,NA,45,31,76,46,31,22,30.17,29.93,18,0,10,10,0,27,0,0,"",23,519,682,NA,NA,4157,5193,0,1,0,NA,NA,1,0
2016-03-26 12:00:00,0,0,0,0,NA,NA,NA,0,0,0,45,33,30.15,8,118,10,NA,55,35,82,38,36,29,30.21,30.08,15,4,10,10,0,20,0,0,"",23,539,705,NA,NA,4177,5216,0,1,0,NA,NA,1,0
2016-03-27 12:00:00,0,1,0,0,NA,NA,NA,0,0,0,54,39,29.92,10,244,10,NA,66,42,86,39,43,36,30.08,29.82,23,0,10,3,4,11,0,0.17,"",22,550,727,NA,NA,4188,5238,0,1,0,NA,NA,1,0
2016-03-28 12:00:00,0,0,0,0,NA,NA,NA,0,0,0,46,35,30.08,9,328,10,NA,53,39,76,36,38,32,30.25,29.88,21,0,10,10,0,19,0,0,"",22,569,749,NA,NA,4207,5260,0,1,0,NA,NA,1,0
2016-03-29 12:00:00,0,0,0,0,NA,NA,NA,0,0,0,48,29,30.27,5,117,10,NA,60,35,83,18,35,24,30.36,30.14,16,0,10,9,0,17,0,0,"",21,586,770,NA,NA,4224,5281,0,1,0,NA,NA,1,0
2016-03-30 12:00:00,0,1,0,0,NA,NA,NA,0,1,0,54,44,29.76,15,179,8,NA,62,46,90,32,55,28,30.12,29.52,28,8,10,2,3,11,0,0.38,"",21,597,791,NA,NA,4235,5302,0,1,0,NA,NA,1,0
2016-03-31 12:00:00,0,1,0,0,NA,NA,NA,0,1,0,58,50,29.41,17,235,9,NA,70,45,90,50,57,39,29.59,29.25,32,7,10,2,8,7,0,0.05,"",21,604,812,NA,NA,4242,5323,0,1,1,NA,NA,1,1
2016-04-01 12:00:00,0,1,0,0,NA,NA,NA,0,0,0,44,35,29.73,9,325,10,NA,51,37,86,33,40,22,29.85,29.6,29,0,10,8,0,21,0,0.11,"",20,21,20,NA,NA,4263,5343,0,0,0,NA,NA,1,1
2016-04-02 12:00:00,0,1,1,0,NA,NA,NA,0,0,0,36,22,29.75,17,290,8,NA,42,29,85,27,28,11,30.07,29.52,39,5,10,0,0,29,0,0.01,"",20,50,40,NA,NA,4292,5363,0,0,0,NA,NA,1,1
2016-04-03 12:00:00,0,1,0,0,NA,NA,NA,0,0,0,51,27,29.83,17,219,10,NA,72,29,71,18,42,13,30.07,29.55,33,4,10,10,0,14,0,NA,"",20,64,60,NA,NA,4306,5383,0,0,0,NA,NA,1,1
2016-04-04 12:00:00,0,0,1,0,NA,NA,NA,0,0,0,35,25,30.17,15,8,9,NA,39,31,79,43,30,18,30.43,29.81,25,8,10,2,0,30,0,NA,"",19,94,79,NA,NA,4336,5402,0,0,0,NA,NA,1,1
2016-04-05 12:00:00,0,1,0,0,NA,NA,NA,0,0,0,38,20,30.35,10,118,10,NA,47,29,64,26,31,8,30.51,30.03,22,5,10,9,0,27,0,0.02,"",19,121,98,NA,NA,4363,5421,0,0,0,NA,NA,1,1
2016-04-06 12:00:00,0,1,0,0,NA,NA,NA,0,1,0,47,40,29.61,12,242,7,NA,50,43,89,44,47,28,29.94,29.51,21,5,10,2,0,18,0,0.43,"",18,139,116,NA,NA,4381,5439,0,0,0,NA,NA,1,1
2016-04-07 12:00:00,0,1,1,0,NA,NA,NA,0,0,0,39,30,29.69,14,319,9,NA,43,35,82,40,38,22,29.89,29.54,25,9,10,1,0,26,0,0.02,"",18,165,134,NA,NA,4407,5457,0,0,0,NA,NA,1,1
2016-04-08 12:00:00,0,1,1,0,NA,NA,1,0,0,0,37,26,29.87,14,296,8,NA,44,29,86,37,34,13,30.03,29.78,30,5,10,0,0,28,0,0.08,"",18,193,152,NA,NA,4435,5475,0,0,0,NA,NA,1,1
2016-04-09 12:00:00,0,0,1,0,NA,NA,1,0,0,0,31,14,30.21,13,23,10,NA,37,24,75,27,23,9,30.32,30,25,0,10,4,0,34,0,NA,"",17,227,169,NA,NA,4469,5492,0,0,0,NA,NA,1,1
2016-04-10 12:00:00,0,1,1,0,NA,NA,NA,0,0,0,43,34,29.89,13,183,8,NA,51,34,93,38,49,17,30.16,29.74,25,7,10,2,0,22,0,0.13,"",17,249,186,NA,NA,4491,5509,0,0,0,NA,NA,1,1
2016-04-11 12:00:00,0,0,0,0,NA,NA,NA,0,0,0,46,34,29.91,11,282,9,NA,52,40,96,23,49,18,30.17,29.77,23,4,10,3,0,19,0,0,"",17,268,203,NA,NA,4510,5526,0,0,0,NA,NA,1,1
2016-04-12 12:00:00,0,0,0,0,NA,NA,NA,0,0,0,40,22,30.35,8,41,10,NA,46,33,68,25,28,18,30.4,30.19,15,4,10,10,0,25,0,0,"",16,293,219,NA,NA,4535,5542,0,0,0,NA,NA,1,1
2016-04-13 12:00:00,0,0,0,0,NA,NA,NA,0,0,0,47,28,30.32,8,106,10,NA,57,37,68,30,33,22,30.38,30.25,16,4,10,10,0,18,0,0,"",16,311,235,NA,NA,4553,5558,0,0,0,NA,NA,1,1
2016-04-14 12:00:00,0,0,0,0,NA,NA,NA,0,0,0,51,27,30.26,9,100,10,NA,61,40,58,16,35,20,30.33,30.19,15,5,10,10,1,14,0,0,"",15,325,250,NA,NA,4567,5573,0,0,0,NA,NA,1,1
2016-04-15 12:00:00,0,0,0,0,NA,NA,NA,0,0,0,57,33,30.22,8,84,10,NA,69,45,58,20,36,27,30.26,30.19,15,5,10,10,7,8,0,0,"",15,333,265,NA,NA,4575,5588,0,0,0,NA,NA,1,1
2016-04-16 12:00:00,0,0,0,0,NA,NA,NA,0,0,0,63,39,30.28,7,76,10,NA,77,48,66,18,45,34,30.32,30.22,16,0,10,10,12,2,0,0,"",15,335,280,NA,NA,4577,5603,NA,0,0,NA,NA,1,1
2016-04-17 12:00:00,0,0,0,0,NA,NA,NA,0,0,0,66,38,30.34,7,89,10,NA,80,51,59,13,42,36,30.41,30.3,17,0,10,10,16,0,1,0,"",14,335,294,NA,NA,4577,5617,0,1,0,NA,NA,2,1
2016-04-18 12:00:00,0,0,0,0,NA,NA,NA,0,0,0,68,39,30.25,5,104,10,NA,83,53,55,12,41,36,30.32,30.17,15,0,10,10,18,0,3,0,"",14,335,308,NA,NA,4577,5631,0,4,0,NA,NA,5,1
2016-04-19 12:00:00,0,0,0,0,NA,NA,NA,0,0,0,55,41,30.2,11,25,10,NA,61,48,69,46,44,38,30.24,30.16,21,8,10,10,4,10,0,0,"",14,345,322,NA,NA,4587,5645,1,4,1,NA,NA,5,2
2016-04-20 12:00:00,0,1,0,0,NA,NA,NA,0,0,0,64,43,30.04,10,140,9,NA,73,54,87,28,55,34,30.17,29.93,20,6,10,3,13,1,0,0.33,"",13,346,335,NA,NA,4588,5658,1,4,2,NA,NA,5,3
